ISO-10303-21;
HEADER;
FILE_DESCRIPTION(('Open CASCADE Model'),'2;1');
FILE_NAME('Open CASCADE Shape Model','2026-10-07T19:24:24',('Author'),(
    'Open CASCADE'),'Open CASCADE STEP processor 7.9','Open CASCADE 7.9'
  ,'Unknown');
FILE_SCHEMA(('AUTOMOTIVE_DESIGN { 1 0 10303 214 1 1 1 1 }'));
ENDSEC;
DATA;
#1 = APPLICATION_PROTOCOL_DEFINITION('international standard',
  'automotive_design',2000,#2);
#2 = APPLICATION_CONTEXT(
  'core data for automotive mechanical design processes');
#3 = SHAPE_DEFINITION_REPRESENTATION(#4,#10);
#4 = PRODUCT_DEFINITION_SHAPE('','',#5);
#5 = PRODUCT_DEFINITION('design','',#6,#9);
#6 = PRODUCT_DEFINITION_FORMATION('','',#7);
#7 = PRODUCT('Open CASCADE STEP translator 7.9 1',
  'Open CASCADE STEP translator 7.9 1','',(#8));
#8 = PRODUCT_CONTEXT('',#2,'mechanical');
#9 = PRODUCT_DEFINITION_CONTEXT('part definition',#2,'design');
#10 = ADVANCED_BREP_SHAPE_REPRESENTATION('',(#11,#15),#1870);
#11 = AXIS2_PLACEMENT_3D('',#12,#13,#14);
#12 = CARTESIAN_POINT('',(0.,0.,0.));
#13 = DIRECTION('',(0.,0.,1.));
#14 = DIRECTION('',(1.,0.,-0.));
#15 = MANIFOLD_SOLID_BREP('',#16);
#16 = CLOSED_SHELL('',(#17,#193,#269,#401,#532,#713,#878,#1037,#1111,
    #1381,#1565,#1637,#1664,#1689,#1716,#1745,#1774,#1803,#1830,#1859));
#17 = ADVANCED_FACE('',(#18),#32,.F.);
#18 = FACE_BOUND('',#19,.F.);
#19 = EDGE_LOOP('',(#20,#55,#83,#111,#139,#167));
#20 = ORIENTED_EDGE('',*,*,#21,.F.);
#21 = EDGE_CURVE('',#22,#24,#26,.T.);
#22 = VERTEX_POINT('',#23);
#23 = CARTESIAN_POINT('',(0.,0.,0.));
#24 = VERTEX_POINT('',#25);
#25 = CARTESIAN_POINT('',(0.,0.,60.));
#26 = SURFACE_CURVE('',#27,(#31,#43),.PCURVE_S1.);
#27 = LINE('',#28,#29);
#28 = CARTESIAN_POINT('',(0.,0.,0.));
#29 = VECTOR('',#30,1.);
#30 = DIRECTION('',(0.,0.,1.));
#31 = PCURVE('',#32,#37);
#32 = PLANE('',#33);
#33 = AXIS2_PLACEMENT_3D('',#34,#35,#36);
#34 = CARTESIAN_POINT('',(0.,0.,0.));
#35 = DIRECTION('',(1.,0.,0.));
#36 = DIRECTION('',(0.,0.,1.));
#37 = DEFINITIONAL_REPRESENTATION('',(#38),#42);
#38 = LINE('',#39,#40);
#39 = CARTESIAN_POINT('',(0.,0.));
#40 = VECTOR('',#41,1.);
#41 = DIRECTION('',(1.,0.));
#42 = ( GEOMETRIC_REPRESENTATION_CONTEXT(2) 
PARAMETRIC_REPRESENTATION_CONTEXT() REPRESENTATION_CONTEXT('2D SPACE',''
  ) );
#43 = PCURVE('',#44,#49);
#44 = PLANE('',#45);
#45 = AXIS2_PLACEMENT_3D('',#46,#47,#48);
#46 = CARTESIAN_POINT('',(0.,0.,0.));
#47 = DIRECTION('',(0.,1.,0.));
#48 = DIRECTION('',(0.,0.,1.));
#49 = DEFINITIONAL_REPRESENTATION('',(#50),#54);
#50 = LINE('',#51,#52);
#51 = CARTESIAN_POINT('',(0.,0.));
#52 = VECTOR('',#53,1.);
#53 = DIRECTION('',(1.,0.));
#54 = ( GEOMETRIC_REPRESENTATION_CONTEXT(2) 
PARAMETRIC_REPRESENTATION_CONTEXT() REPRESENTATION_CONTEXT('2D SPACE',''
  ) );
#55 = ORIENTED_EDGE('',*,*,#56,.F.);
#56 = EDGE_CURVE('',#57,#22,#59,.T.);
#57 = VERTEX_POINT('',#58);
#58 = CARTESIAN_POINT('',(0.,60.,0.));
#59 = SURFACE_CURVE('',#60,(#64,#71),.PCURVE_S1.);
#60 = LINE('',#61,#62);
#61 = CARTESIAN_POINT('',(0.,60.,0.));
#62 = VECTOR('',#63,1.);
#63 = DIRECTION('',(0.,-1.,0.));
#64 = PCURVE('',#32,#65);
#65 = DEFINITIONAL_REPRESENTATION('',(#66),#70);
#66 = LINE('',#67,#68);
#67 = CARTESIAN_POINT('',(0.,-60.));
#68 = VECTOR('',#69,1.);
#69 = DIRECTION('',(0.,1.));
#70 = ( GEOMETRIC_REPRESENTATION_CONTEXT(2) 
PARAMETRIC_REPRESENTATION_CONTEXT() REPRESENTATION_CONTEXT('2D SPACE',''
  ) );
#71 = PCURVE('',#72,#77);
#72 = PLANE('',#73);
#73 = AXIS2_PLACEMENT_3D('',#74,#75,#76);
#74 = CARTESIAN_POINT('',(0.,0.,0.));
#75 = DIRECTION('',(0.,0.,1.));
#76 = DIRECTION('',(1.,0.,0.));
#77 = DEFINITIONAL_REPRESENTATION('',(#78),#82);
#78 = LINE('',#79,#80);
#79 = CARTESIAN_POINT('',(0.,60.));
#80 = VECTOR('',#81,1.);
#81 = DIRECTION('',(0.,-1.));
#82 = ( GEOMETRIC_REPRESENTATION_CONTEXT(2) 
PARAMETRIC_REPRESENTATION_CONTEXT() REPRESENTATION_CONTEXT('2D SPACE',''
  ) );
#83 = ORIENTED_EDGE('',*,*,#84,.T.);
#84 = EDGE_CURVE('',#57,#85,#87,.T.);
#85 = VERTEX_POINT('',#86);
#86 = CARTESIAN_POINT('',(0.,60.,6.));
#87 = SURFACE_CURVE('',#88,(#92,#99),.PCURVE_S1.);
#88 = LINE('',#89,#90);
#89 = CARTESIAN_POINT('',(0.,60.,0.));
#90 = VECTOR('',#91,1.);
#91 = DIRECTION('',(0.,0.,1.));
#92 = PCURVE('',#32,#93);
#93 = DEFINITIONAL_REPRESENTATION('',(#94),#98);
#94 = LINE('',#95,#96);
#95 = CARTESIAN_POINT('',(0.,-60.));
#96 = VECTOR('',#97,1.);
#97 = DIRECTION('',(1.,0.));
#98 = ( GEOMETRIC_REPRESENTATION_CONTEXT(2) 
PARAMETRIC_REPRESENTATION_CONTEXT() REPRESENTATION_CONTEXT('2D SPACE',''
  ) );
#99 = PCURVE('',#100,#105);
#100 = PLANE('',#101);
#101 = AXIS2_PLACEMENT_3D('',#102,#103,#104);
#102 = CARTESIAN_POINT('',(0.,60.,0.));
#103 = DIRECTION('',(0.,1.,0.));
#104 = DIRECTION('',(0.,0.,1.));
#105 = DEFINITIONAL_REPRESENTATION('',(#106),#110);
#106 = LINE('',#107,#108);
#107 = CARTESIAN_POINT('',(0.,0.));
#108 = VECTOR('',#109,1.);
#109 = DIRECTION('',(1.,0.));
#110 = ( GEOMETRIC_REPRESENTATION_CONTEXT(2) 
PARAMETRIC_REPRESENTATION_CONTEXT() REPRESENTATION_CONTEXT('2D SPACE',''
  ) );
#111 = ORIENTED_EDGE('',*,*,#112,.F.);
#112 = EDGE_CURVE('',#113,#85,#115,.T.);
#113 = VERTEX_POINT('',#114);
#114 = CARTESIAN_POINT('',(0.,6.,6.));
#115 = SURFACE_CURVE('',#116,(#120,#127),.PCURVE_S1.);
#116 = LINE('',#117,#118);
#117 = CARTESIAN_POINT('',(0.,0.,6.));
#118 = VECTOR('',#119,1.);
#119 = DIRECTION('',(0.,1.,0.));
#120 = PCURVE('',#32,#121);
#121 = DEFINITIONAL_REPRESENTATION('',(#122),#126);
#122 = LINE('',#123,#124);
#123 = CARTESIAN_POINT('',(6.,0.));
#124 = VECTOR('',#125,1.);
#125 = DIRECTION('',(0.,-1.));
#126 = ( GEOMETRIC_REPRESENTATION_CONTEXT(2) 
PARAMETRIC_REPRESENTATION_CONTEXT() REPRESENTATION_CONTEXT('2D SPACE',''
  ) );
#127 = PCURVE('',#128,#133);
#128 = PLANE('',#129);
#129 = AXIS2_PLACEMENT_3D('',#130,#131,#132);
#130 = CARTESIAN_POINT('',(0.,0.,6.));
#131 = DIRECTION('',(0.,0.,1.));
#132 = DIRECTION('',(1.,0.,0.));
#133 = DEFINITIONAL_REPRESENTATION('',(#134),#138);
#134 = LINE('',#135,#136);
#135 = CARTESIAN_POINT('',(0.,0.));
#136 = VECTOR('',#137,1.);
#137 = DIRECTION('',(0.,1.));
#138 = ( GEOMETRIC_REPRESENTATION_CONTEXT(2) 
PARAMETRIC_REPRESENTATION_CONTEXT() REPRESENTATION_CONTEXT('2D SPACE',''
  ) );
#139 = ORIENTED_EDGE('',*,*,#140,.T.);
#140 = EDGE_CURVE('',#113,#141,#143,.T.);
#141 = VERTEX_POINT('',#142);
#142 = CARTESIAN_POINT('',(0.,6.,60.));
#143 = SURFACE_CURVE('',#144,(#148,#155),.PCURVE_S1.);
#144 = LINE('',#145,#146);
#145 = CARTESIAN_POINT('',(0.,6.,0.));
#146 = VECTOR('',#147,1.);
#147 = DIRECTION('',(0.,0.,1.));
#148 = PCURVE('',#32,#149);
#149 = DEFINITIONAL_REPRESENTATION('',(#150),#154);
#150 = LINE('',#151,#152);
#151 = CARTESIAN_POINT('',(0.,-6.));
#152 = VECTOR('',#153,1.);
#153 = DIRECTION('',(1.,0.));
#154 = ( GEOMETRIC_REPRESENTATION_CONTEXT(2) 
PARAMETRIC_REPRESENTATION_CONTEXT() REPRESENTATION_CONTEXT('2D SPACE',''
  ) );
#155 = PCURVE('',#156,#161);
#156 = PLANE('',#157);
#157 = AXIS2_PLACEMENT_3D('',#158,#159,#160);
#158 = CARTESIAN_POINT('',(0.,6.,0.));
#159 = DIRECTION('',(0.,1.,0.));
#160 = DIRECTION('',(0.,0.,1.));
#161 = DEFINITIONAL_REPRESENTATION('',(#162),#166);
#162 = LINE('',#163,#164);
#163 = CARTESIAN_POINT('',(0.,0.));
#164 = VECTOR('',#165,1.);
#165 = DIRECTION('',(1.,0.));
#166 = ( GEOMETRIC_REPRESENTATION_CONTEXT(2) 
PARAMETRIC_REPRESENTATION_CONTEXT() REPRESENTATION_CONTEXT('2D SPACE',''
  ) );
#167 = ORIENTED_EDGE('',*,*,#168,.F.);
#168 = EDGE_CURVE('',#24,#141,#169,.T.);
#169 = SURFACE_CURVE('',#170,(#174,#181),.PCURVE_S1.);
#170 = LINE('',#171,#172);
#171 = CARTESIAN_POINT('',(0.,0.,60.));
#172 = VECTOR('',#173,1.);
#173 = DIRECTION('',(0.,1.,0.));
#174 = PCURVE('',#32,#175);
#175 = DEFINITIONAL_REPRESENTATION('',(#176),#180);
#176 = LINE('',#177,#178);
#177 = CARTESIAN_POINT('',(60.,0.));
#178 = VECTOR('',#179,1.);
#179 = DIRECTION('',(0.,-1.));
#180 = ( GEOMETRIC_REPRESENTATION_CONTEXT(2) 
PARAMETRIC_REPRESENTATION_CONTEXT() REPRESENTATION_CONTEXT('2D SPACE',''
  ) );
#181 = PCURVE('',#182,#187);
#182 = PLANE('',#183);
#183 = AXIS2_PLACEMENT_3D('',#184,#185,#186);
#184 = CARTESIAN_POINT('',(0.,0.,60.));
#185 = DIRECTION('',(0.,0.,1.));
#186 = DIRECTION('',(1.,0.,0.));
#187 = DEFINITIONAL_REPRESENTATION('',(#188),#192);
#188 = LINE('',#189,#190);
#189 = CARTESIAN_POINT('',(0.,0.));
#190 = VECTOR('',#191,1.);
#191 = DIRECTION('',(0.,1.));
#192 = ( GEOMETRIC_REPRESENTATION_CONTEXT(2) 
PARAMETRIC_REPRESENTATION_CONTEXT() REPRESENTATION_CONTEXT('2D SPACE',''
  ) );
#193 = ADVANCED_FACE('',(#194),#182,.T.);
#194 = FACE_BOUND('',#195,.T.);
#195 = EDGE_LOOP('',(#196,#197,#220,#248));
#196 = ORIENTED_EDGE('',*,*,#168,.F.);
#197 = ORIENTED_EDGE('',*,*,#198,.T.);
#198 = EDGE_CURVE('',#24,#199,#201,.T.);
#199 = VERTEX_POINT('',#200);
#200 = CARTESIAN_POINT('',(100.,0.,60.));
#201 = SURFACE_CURVE('',#202,(#206,#213),.PCURVE_S1.);
#202 = LINE('',#203,#204);
#203 = CARTESIAN_POINT('',(0.,0.,60.));
#204 = VECTOR('',#205,1.);
#205 = DIRECTION('',(1.,0.,0.));
#206 = PCURVE('',#182,#207);
#207 = DEFINITIONAL_REPRESENTATION('',(#208),#212);
#208 = LINE('',#209,#210);
#209 = CARTESIAN_POINT('',(0.,0.));
#210 = VECTOR('',#211,1.);
#211 = DIRECTION('',(1.,0.));
#212 = ( GEOMETRIC_REPRESENTATION_CONTEXT(2) 
PARAMETRIC_REPRESENTATION_CONTEXT() REPRESENTATION_CONTEXT('2D SPACE',''
  ) );
#213 = PCURVE('',#44,#214);
#214 = DEFINITIONAL_REPRESENTATION('',(#215),#219);
#215 = LINE('',#216,#217);
#216 = CARTESIAN_POINT('',(60.,0.));
#217 = VECTOR('',#218,1.);
#218 = DIRECTION('',(0.,1.));
#219 = ( GEOMETRIC_REPRESENTATION_CONTEXT(2) 
PARAMETRIC_REPRESENTATION_CONTEXT() REPRESENTATION_CONTEXT('2D SPACE',''
  ) );
#220 = ORIENTED_EDGE('',*,*,#221,.T.);
#221 = EDGE_CURVE('',#199,#222,#224,.T.);
#222 = VERTEX_POINT('',#223);
#223 = CARTESIAN_POINT('',(100.,6.,60.));
#224 = SURFACE_CURVE('',#225,(#229,#236),.PCURVE_S1.);
#225 = LINE('',#226,#227);
#226 = CARTESIAN_POINT('',(100.,0.,60.));
#227 = VECTOR('',#228,1.);
#228 = DIRECTION('',(0.,1.,0.));
#229 = PCURVE('',#182,#230);
#230 = DEFINITIONAL_REPRESENTATION('',(#231),#235);
#231 = LINE('',#232,#233);
#232 = CARTESIAN_POINT('',(100.,0.));
#233 = VECTOR('',#234,1.);
#234 = DIRECTION('',(0.,1.));
#235 = ( GEOMETRIC_REPRESENTATION_CONTEXT(2) 
PARAMETRIC_REPRESENTATION_CONTEXT() REPRESENTATION_CONTEXT('2D SPACE',''
  ) );
#236 = PCURVE('',#237,#242);
#237 = PLANE('',#238);
#238 = AXIS2_PLACEMENT_3D('',#239,#240,#241);
#239 = CARTESIAN_POINT('',(100.,0.,0.));
#240 = DIRECTION('',(1.,0.,0.));
#241 = DIRECTION('',(0.,0.,1.));
#242 = DEFINITIONAL_REPRESENTATION('',(#243),#247);
#243 = LINE('',#244,#245);
#244 = CARTESIAN_POINT('',(60.,0.));
#245 = VECTOR('',#246,1.);
#246 = DIRECTION('',(0.,-1.));
#247 = ( GEOMETRIC_REPRESENTATION_CONTEXT(2) 
PARAMETRIC_REPRESENTATION_CONTEXT() REPRESENTATION_CONTEXT('2D SPACE',''
  ) );
#248 = ORIENTED_EDGE('',*,*,#249,.F.);
#249 = EDGE_CURVE('',#141,#222,#250,.T.);
#250 = SURFACE_CURVE('',#251,(#255,#262),.PCURVE_S1.);
#251 = LINE('',#252,#253);
#252 = CARTESIAN_POINT('',(0.,6.,60.));
#253 = VECTOR('',#254,1.);
#254 = DIRECTION('',(1.,0.,0.));
#255 = PCURVE('',#182,#256);
#256 = DEFINITIONAL_REPRESENTATION('',(#257),#261);
#257 = LINE('',#258,#259);
#258 = CARTESIAN_POINT('',(0.,6.));
#259 = VECTOR('',#260,1.);
#260 = DIRECTION('',(1.,0.));
#261 = ( GEOMETRIC_REPRESENTATION_CONTEXT(2) 
PARAMETRIC_REPRESENTATION_CONTEXT() REPRESENTATION_CONTEXT('2D SPACE',''
  ) );
#262 = PCURVE('',#156,#263);
#263 = DEFINITIONAL_REPRESENTATION('',(#264),#268);
#264 = LINE('',#265,#266);
#265 = CARTESIAN_POINT('',(60.,0.));
#266 = VECTOR('',#267,1.);
#267 = DIRECTION('',(0.,1.));
#268 = ( GEOMETRIC_REPRESENTATION_CONTEXT(2) 
PARAMETRIC_REPRESENTATION_CONTEXT() REPRESENTATION_CONTEXT('2D SPACE',''
  ) );
#269 = ADVANCED_FACE('',(#270),#237,.T.);
#270 = FACE_BOUND('',#271,.T.);
#271 = EDGE_LOOP('',(#272,#295,#323,#351,#379,#400));
#272 = ORIENTED_EDGE('',*,*,#273,.F.);
#273 = EDGE_CURVE('',#274,#199,#276,.T.);
#274 = VERTEX_POINT('',#275);
#275 = CARTESIAN_POINT('',(100.,0.,0.));
#276 = SURFACE_CURVE('',#277,(#281,#288),.PCURVE_S1.);
#277 = LINE('',#278,#279);
#278 = CARTESIAN_POINT('',(100.,0.,0.));
#279 = VECTOR('',#280,1.);
#280 = DIRECTION('',(0.,0.,1.));
#281 = PCURVE('',#237,#282);
#282 = DEFINITIONAL_REPRESENTATION('',(#283),#287);
#283 = LINE('',#284,#285);
#284 = CARTESIAN_POINT('',(0.,0.));
#285 = VECTOR('',#286,1.);
#286 = DIRECTION('',(1.,0.));
#287 = ( GEOMETRIC_REPRESENTATION_CONTEXT(2) 
PARAMETRIC_REPRESENTATION_CONTEXT() REPRESENTATION_CONTEXT('2D SPACE',''
  ) );
#288 = PCURVE('',#44,#289);
#289 = DEFINITIONAL_REPRESENTATION('',(#290),#294);
#290 = LINE('',#291,#292);
#291 = CARTESIAN_POINT('',(0.,100.));
#292 = VECTOR('',#293,1.);
#293 = DIRECTION('',(1.,0.));
#294 = ( GEOMETRIC_REPRESENTATION_CONTEXT(2) 
PARAMETRIC_REPRESENTATION_CONTEXT() REPRESENTATION_CONTEXT('2D SPACE',''
  ) );
#295 = ORIENTED_EDGE('',*,*,#296,.F.);
#296 = EDGE_CURVE('',#297,#274,#299,.T.);
#297 = VERTEX_POINT('',#298);
#298 = CARTESIAN_POINT('',(100.,60.,0.));
#299 = SURFACE_CURVE('',#300,(#304,#311),.PCURVE_S1.);
#300 = LINE('',#301,#302);
#301 = CARTESIAN_POINT('',(100.,60.,0.));
#302 = VECTOR('',#303,1.);
#303 = DIRECTION('',(0.,-1.,0.));
#304 = PCURVE('',#237,#305);
#305 = DEFINITIONAL_REPRESENTATION('',(#306),#310);
#306 = LINE('',#307,#308);
#307 = CARTESIAN_POINT('',(0.,-60.));
#308 = VECTOR('',#309,1.);
#309 = DIRECTION('',(0.,1.));
#310 = ( GEOMETRIC_REPRESENTATION_CONTEXT(2) 
PARAMETRIC_REPRESENTATION_CONTEXT() REPRESENTATION_CONTEXT('2D SPACE',''
  ) );
#311 = PCURVE('',#312,#317);
#312 = PLANE('',#313);
#313 = AXIS2_PLACEMENT_3D('',#314,#315,#316);
#314 = CARTESIAN_POINT('',(0.,0.,0.));
#315 = DIRECTION('',(0.,0.,1.));
#316 = DIRECTION('',(1.,0.,0.));
#317 = DEFINITIONAL_REPRESENTATION('',(#318),#322);
#318 = LINE('',#319,#320);
#319 = CARTESIAN_POINT('',(100.,60.));
#320 = VECTOR('',#321,1.);
#321 = DIRECTION('',(0.,-1.));
#322 = ( GEOMETRIC_REPRESENTATION_CONTEXT(2) 
PARAMETRIC_REPRESENTATION_CONTEXT() REPRESENTATION_CONTEXT('2D SPACE',''
  ) );
#323 = ORIENTED_EDGE('',*,*,#324,.T.);
#324 = EDGE_CURVE('',#297,#325,#327,.T.);
#325 = VERTEX_POINT('',#326);
#326 = CARTESIAN_POINT('',(100.,60.,6.));
#327 = SURFACE_CURVE('',#328,(#332,#339),.PCURVE_S1.);
#328 = LINE('',#329,#330);
#329 = CARTESIAN_POINT('',(100.,60.,0.));
#330 = VECTOR('',#331,1.);
#331 = DIRECTION('',(0.,0.,1.));
#332 = PCURVE('',#237,#333);
#333 = DEFINITIONAL_REPRESENTATION('',(#334),#338);
#334 = LINE('',#335,#336);
#335 = CARTESIAN_POINT('',(0.,-60.));
#336 = VECTOR('',#337,1.);
#337 = DIRECTION('',(1.,0.));
#338 = ( GEOMETRIC_REPRESENTATION_CONTEXT(2) 
PARAMETRIC_REPRESENTATION_CONTEXT() REPRESENTATION_CONTEXT('2D SPACE',''
  ) );
#339 = PCURVE('',#340,#345);
#340 = PLANE('',#341);
#341 = AXIS2_PLACEMENT_3D('',#342,#343,#344);
#342 = CARTESIAN_POINT('',(0.,60.,0.));
#343 = DIRECTION('',(0.,1.,0.));
#344 = DIRECTION('',(0.,0.,1.));
#345 = DEFINITIONAL_REPRESENTATION('',(#346),#350);
#346 = LINE('',#347,#348);
#347 = CARTESIAN_POINT('',(0.,100.));
#348 = VECTOR('',#349,1.);
#349 = DIRECTION('',(1.,0.));
#350 = ( GEOMETRIC_REPRESENTATION_CONTEXT(2) 
PARAMETRIC_REPRESENTATION_CONTEXT() REPRESENTATION_CONTEXT('2D SPACE',''
  ) );
#351 = ORIENTED_EDGE('',*,*,#352,.F.);
#352 = EDGE_CURVE('',#353,#325,#355,.T.);
#353 = VERTEX_POINT('',#354);
#354 = CARTESIAN_POINT('',(100.,6.,6.));
#355 = SURFACE_CURVE('',#356,(#360,#367),.PCURVE_S1.);
#356 = LINE('',#357,#358);
#357 = CARTESIAN_POINT('',(100.,0.,6.));
#358 = VECTOR('',#359,1.);
#359 = DIRECTION('',(0.,1.,0.));
#360 = PCURVE('',#237,#361);
#361 = DEFINITIONAL_REPRESENTATION('',(#362),#366);
#362 = LINE('',#363,#364);
#363 = CARTESIAN_POINT('',(6.,0.));
#364 = VECTOR('',#365,1.);
#365 = DIRECTION('',(0.,-1.));
#366 = ( GEOMETRIC_REPRESENTATION_CONTEXT(2) 
PARAMETRIC_REPRESENTATION_CONTEXT() REPRESENTATION_CONTEXT('2D SPACE',''
  ) );
#367 = PCURVE('',#368,#373);
#368 = PLANE('',#369);
#369 = AXIS2_PLACEMENT_3D('',#370,#371,#372);
#370 = CARTESIAN_POINT('',(0.,0.,6.));
#371 = DIRECTION('',(0.,0.,1.));
#372 = DIRECTION('',(1.,0.,0.));
#373 = DEFINITIONAL_REPRESENTATION('',(#374),#378);
#374 = LINE('',#375,#376);
#375 = CARTESIAN_POINT('',(100.,0.));
#376 = VECTOR('',#377,1.);
#377 = DIRECTION('',(0.,1.));
#378 = ( GEOMETRIC_REPRESENTATION_CONTEXT(2) 
PARAMETRIC_REPRESENTATION_CONTEXT() REPRESENTATION_CONTEXT('2D SPACE',''
  ) );
#379 = ORIENTED_EDGE('',*,*,#380,.T.);
#380 = EDGE_CURVE('',#353,#222,#381,.T.);
#381 = SURFACE_CURVE('',#382,(#386,#393),.PCURVE_S1.);
#382 = LINE('',#383,#384);
#383 = CARTESIAN_POINT('',(100.,6.,0.));
#384 = VECTOR('',#385,1.);
#385 = DIRECTION('',(0.,0.,1.));
#386 = PCURVE('',#237,#387);
#387 = DEFINITIONAL_REPRESENTATION('',(#388),#392);
#388 = LINE('',#389,#390);
#389 = CARTESIAN_POINT('',(0.,-6.));
#390 = VECTOR('',#391,1.);
#391 = DIRECTION('',(1.,0.));
#392 = ( GEOMETRIC_REPRESENTATION_CONTEXT(2) 
PARAMETRIC_REPRESENTATION_CONTEXT() REPRESENTATION_CONTEXT('2D SPACE',''
  ) );
#393 = PCURVE('',#156,#394);
#394 = DEFINITIONAL_REPRESENTATION('',(#395),#399);
#395 = LINE('',#396,#397);
#396 = CARTESIAN_POINT('',(0.,100.));
#397 = VECTOR('',#398,1.);
#398 = DIRECTION('',(1.,0.));
#399 = ( GEOMETRIC_REPRESENTATION_CONTEXT(2) 
PARAMETRIC_REPRESENTATION_CONTEXT() REPRESENTATION_CONTEXT('2D SPACE',''
  ) );
#400 = ORIENTED_EDGE('',*,*,#221,.F.);
#401 = ADVANCED_FACE('',(#402),#368,.T.);
#402 = FACE_BOUND('',#403,.T.);
#403 = EDGE_LOOP('',(#404,#432,#451,#452,#475,#501));
#404 = ORIENTED_EDGE('',*,*,#405,.T.);
#405 = EDGE_CURVE('',#406,#408,#410,.T.);
#406 = VERTEX_POINT('',#407);
#407 = CARTESIAN_POINT('',(77.645751311065,26.766192165473,6.));
#408 = VERTEX_POINT('',#409);
#409 = CARTESIAN_POINT('',(77.645751311065,6.,6.));
#410 = SURFACE_CURVE('',#411,(#415,#421),.PCURVE_S1.);
#411 = LINE('',#412,#413);
#412 = CARTESIAN_POINT('',(77.645751311065,60.,6.));
#413 = VECTOR('',#414,1.);
#414 = DIRECTION('',(0.,-1.,0.));
#415 = PCURVE('',#368,#416);
#416 = DEFINITIONAL_REPRESENTATION('',(#417),#420);
#417 = B_SPLINE_CURVE_WITH_KNOTS('',1,(#418,#419),.UNSPECIFIED.,.F.,.F.,
  (2,2),(-5.999999999062E-07,59.4),.PIECEWISE_BEZIER_KNOTS.);
#418 = CARTESIAN_POINT('',(77.645751311065,60.0000006));
#419 = CARTESIAN_POINT('',(77.645751311065,0.6));
#420 = ( GEOMETRIC_REPRESENTATION_CONTEXT(2) 
PARAMETRIC_REPRESENTATION_CONTEXT() REPRESENTATION_CONTEXT('2D SPACE',''
  ) );
#421 = PCURVE('',#422,#427);
#422 = CYLINDRICAL_SURFACE('',#423,4.);
#423 = AXIS2_PLACEMENT_3D('',#424,#425,#426);
#424 = CARTESIAN_POINT('',(75.,60.,3.));
#425 = DIRECTION('',(0.,-1.,0.));
#426 = DIRECTION('',(1.,-0.,0.));
#427 = DEFINITIONAL_REPRESENTATION('',(#428),#431);
#428 = B_SPLINE_CURVE_WITH_KNOTS('',1,(#429,#430),.UNSPECIFIED.,.F.,.F.,
  (2,2),(33.233807834527,54.),.PIECEWISE_BEZIER_KNOTS.);
#429 = CARTESIAN_POINT('',(7.131247386161,33.233807834527));
#430 = CARTESIAN_POINT('',(7.131247386161,54.));
#431 = ( GEOMETRIC_REPRESENTATION_CONTEXT(2) 
PARAMETRIC_REPRESENTATION_CONTEXT() REPRESENTATION_CONTEXT('2D SPACE',''
  ) );
#432 = ORIENTED_EDGE('',*,*,#433,.F.);
#433 = EDGE_CURVE('',#353,#408,#434,.T.);
#434 = SURFACE_CURVE('',#435,(#439,#445),.PCURVE_S1.);
#435 = LINE('',#436,#437);
#436 = CARTESIAN_POINT('',(0.,6.,6.));
#437 = VECTOR('',#438,1.);
#438 = DIRECTION('',(-1.,0.,0.));
#439 = PCURVE('',#368,#440);
#440 = DEFINITIONAL_REPRESENTATION('',(#441),#444);
#441 = B_SPLINE_CURVE_WITH_KNOTS('',1,(#442,#443),.UNSPECIFIED.,.F.,.F.,
  (2,2),(-100.,0.),.PIECEWISE_BEZIER_KNOTS.);
#442 = CARTESIAN_POINT('',(100.,6.));
#443 = CARTESIAN_POINT('',(0.,6.));
#444 = ( GEOMETRIC_REPRESENTATION_CONTEXT(2) 
PARAMETRIC_REPRESENTATION_CONTEXT() REPRESENTATION_CONTEXT('2D SPACE',''
  ) );
#445 = PCURVE('',#156,#446);
#446 = DEFINITIONAL_REPRESENTATION('',(#447),#450);
#447 = B_SPLINE_CURVE_WITH_KNOTS('',1,(#448,#449),.UNSPECIFIED.,.F.,.F.,
  (2,2),(-100.,0.),.PIECEWISE_BEZIER_KNOTS.);
#448 = CARTESIAN_POINT('',(6.,100.));
#449 = CARTESIAN_POINT('',(6.,0.));
#450 = ( GEOMETRIC_REPRESENTATION_CONTEXT(2) 
PARAMETRIC_REPRESENTATION_CONTEXT() REPRESENTATION_CONTEXT('2D SPACE',''
  ) );
#451 = ORIENTED_EDGE('',*,*,#352,.T.);
#452 = ORIENTED_EDGE('',*,*,#453,.F.);
#453 = EDGE_CURVE('',#454,#325,#456,.T.);
#454 = VERTEX_POINT('',#455);
#455 = CARTESIAN_POINT('',(77.645751311064,60.,6.));
#456 = SURFACE_CURVE('',#457,(#461,#468),.PCURVE_S1.);
#457 = LINE('',#458,#459);
#458 = CARTESIAN_POINT('',(0.,60.,6.));
#459 = VECTOR('',#460,1.);
#460 = DIRECTION('',(1.,0.,0.));
#461 = PCURVE('',#368,#462);
#462 = DEFINITIONAL_REPRESENTATION('',(#463),#467);
#463 = LINE('',#464,#465);
#464 = CARTESIAN_POINT('',(0.,60.));
#465 = VECTOR('',#466,1.);
#466 = DIRECTION('',(1.,0.));
#467 = ( GEOMETRIC_REPRESENTATION_CONTEXT(2) 
PARAMETRIC_REPRESENTATION_CONTEXT() REPRESENTATION_CONTEXT('2D SPACE',''
  ) );
#468 = PCURVE('',#340,#469);
#469 = DEFINITIONAL_REPRESENTATION('',(#470),#474);
#470 = LINE('',#471,#472);
#471 = CARTESIAN_POINT('',(6.,0.));
#472 = VECTOR('',#473,1.);
#473 = DIRECTION('',(0.,1.));
#474 = ( GEOMETRIC_REPRESENTATION_CONTEXT(2) 
PARAMETRIC_REPRESENTATION_CONTEXT() REPRESENTATION_CONTEXT('2D SPACE',''
  ) );
#475 = ORIENTED_EDGE('',*,*,#476,.T.);
#476 = EDGE_CURVE('',#454,#477,#479,.T.);
#477 = VERTEX_POINT('',#478);
#478 = CARTESIAN_POINT('',(77.645751311065,33.233807834527,6.));
#479 = SURFACE_CURVE('',#480,(#484,#490),.PCURVE_S1.);
#480 = LINE('',#481,#482);
#481 = CARTESIAN_POINT('',(77.645751311065,60.,6.));
#482 = VECTOR('',#483,1.);
#483 = DIRECTION('',(0.,-1.,0.));
#484 = PCURVE('',#368,#485);
#485 = DEFINITIONAL_REPRESENTATION('',(#486),#489);
#486 = B_SPLINE_CURVE_WITH_KNOTS('',1,(#487,#488),.UNSPECIFIED.,.F.,.F.,
  (2,2),(-5.999999999062E-07,59.4),.PIECEWISE_BEZIER_KNOTS.);
#487 = CARTESIAN_POINT('',(77.645751311065,60.0000006));
#488 = CARTESIAN_POINT('',(77.645751311065,0.6));
#489 = ( GEOMETRIC_REPRESENTATION_CONTEXT(2) 
PARAMETRIC_REPRESENTATION_CONTEXT() REPRESENTATION_CONTEXT('2D SPACE',''
  ) );
#490 = PCURVE('',#491,#496);
#491 = CYLINDRICAL_SURFACE('',#492,4.);
#492 = AXIS2_PLACEMENT_3D('',#493,#494,#495);
#493 = CARTESIAN_POINT('',(75.,60.,3.));
#494 = DIRECTION('',(0.,-1.,0.));
#495 = DIRECTION('',(1.,-0.,0.));
#496 = DEFINITIONAL_REPRESENTATION('',(#497),#500);
#497 = B_SPLINE_CURVE_WITH_KNOTS('',1,(#498,#499),.UNSPECIFIED.,.F.,.F.,
  (2,2),(0.,26.766192165473),.PIECEWISE_BEZIER_KNOTS.);
#498 = CARTESIAN_POINT('',(7.131247386161,0.));
#499 = CARTESIAN_POINT('',(7.131247386161,26.766192165473));
#500 = ( GEOMETRIC_REPRESENTATION_CONTEXT(2) 
PARAMETRIC_REPRESENTATION_CONTEXT() REPRESENTATION_CONTEXT('2D SPACE',''
  ) );
#501 = ORIENTED_EDGE('',*,*,#502,.T.);
#502 = EDGE_CURVE('',#477,#406,#503,.T.);
#503 = SURFACE_CURVE('',#504,(#509,#520),.PCURVE_S1.);
#504 = CIRCLE('',#505,4.);
#505 = AXIS2_PLACEMENT_3D('',#506,#507,#508);
#506 = CARTESIAN_POINT('',(80.,30.,6.));
#507 = DIRECTION('',(0.,0.,-1.));
#508 = DIRECTION('',(-1.,0.,0.));
#509 = PCURVE('',#368,#510);
#510 = DEFINITIONAL_REPRESENTATION('',(#511),#519);
#511 = ( BOUNDED_CURVE() B_SPLINE_CURVE(2,(#512,#513,#514,#515,#516,#517
,#518),.UNSPECIFIED.,.T.,.F.) B_SPLINE_CURVE_WITH_KNOTS((1,2,2,2,2,1),(
    -2.094395102393,0.,2.094395102393,4.188790204786,6.28318530718,
8.377580409573),.UNSPECIFIED.) CURVE() GEOMETRIC_REPRESENTATION_ITEM() 
RATIONAL_B_SPLINE_CURVE((1.,0.5,1.,0.5,1.,0.5,1.)) REPRESENTATION_ITEM(
  '') );
#512 = CARTESIAN_POINT('',(76.,30.));
#513 = CARTESIAN_POINT('',(76.,36.928203230276));
#514 = CARTESIAN_POINT('',(82.,33.464101615138));
#515 = CARTESIAN_POINT('',(88.,30.));
#516 = CARTESIAN_POINT('',(82.,26.535898384862));
#517 = CARTESIAN_POINT('',(76.,23.071796769724));
#518 = CARTESIAN_POINT('',(76.,30.));
#519 = ( GEOMETRIC_REPRESENTATION_CONTEXT(2) 
PARAMETRIC_REPRESENTATION_CONTEXT() REPRESENTATION_CONTEXT('2D SPACE',''
  ) );
#520 = PCURVE('',#521,#526);
#521 = CYLINDRICAL_SURFACE('',#522,4.);
#522 = AXIS2_PLACEMENT_3D('',#523,#524,#525);
#523 = CARTESIAN_POINT('',(80.,30.,60.));
#524 = DIRECTION('',(0.,0.,-1.));
#525 = DIRECTION('',(-1.,0.,0.));
#526 = DEFINITIONAL_REPRESENTATION('',(#527),#531);
#527 = LINE('',#528,#529);
#528 = CARTESIAN_POINT('',(0.,54.));
#529 = VECTOR('',#530,1.);
#530 = DIRECTION('',(1.,0.));
#531 = ( GEOMETRIC_REPRESENTATION_CONTEXT(2) 
PARAMETRIC_REPRESENTATION_CONTEXT() REPRESENTATION_CONTEXT('2D SPACE',''
  ) );
#532 = ADVANCED_FACE('',(#533),#491,.F.);
#533 = FACE_BOUND('',#534,.F.);
#534 = EDGE_LOOP('',(#535,#559,#560,#694));
#535 = ORIENTED_EDGE('',*,*,#536,.F.);
#536 = EDGE_CURVE('',#454,#537,#539,.T.);
#537 = VERTEX_POINT('',#538);
#538 = CARTESIAN_POINT('',(77.645751311064,60.,-5.617728504603E-14));
#539 = SURFACE_CURVE('',#540,(#545,#552),.PCURVE_S1.);
#540 = CIRCLE('',#541,4.);
#541 = AXIS2_PLACEMENT_3D('',#542,#543,#544);
#542 = CARTESIAN_POINT('',(75.,60.,3.));
#543 = DIRECTION('',(0.,1.,0.));
#544 = DIRECTION('',(0.661437827766,-0.,0.75));
#545 = PCURVE('',#491,#546);
#546 = DEFINITIONAL_REPRESENTATION('',(#547),#551);
#547 = LINE('',#548,#549);
#548 = CARTESIAN_POINT('',(7.131247386161,0.));
#549 = VECTOR('',#550,1.);
#550 = DIRECTION('',(-1.,-0.));
#551 = ( GEOMETRIC_REPRESENTATION_CONTEXT(2) 
PARAMETRIC_REPRESENTATION_CONTEXT() REPRESENTATION_CONTEXT('2D SPACE',''
  ) );
#552 = PCURVE('',#340,#553);
#553 = DEFINITIONAL_REPRESENTATION('',(#554),#558);
#554 = CIRCLE('',#555,4.);
#555 = AXIS2_PLACEMENT_2D('',#556,#557);
#556 = CARTESIAN_POINT('',(3.,75.));
#557 = DIRECTION('',(0.75,0.661437827766));
#558 = ( GEOMETRIC_REPRESENTATION_CONTEXT(2) 
PARAMETRIC_REPRESENTATION_CONTEXT() REPRESENTATION_CONTEXT('2D SPACE',''
  ) );
#559 = ORIENTED_EDGE('',*,*,#476,.T.);
#560 = ORIENTED_EDGE('',*,*,#561,.T.);
#561 = EDGE_CURVE('',#477,#562,#564,.T.);
#562 = VERTEX_POINT('',#563);
#563 = CARTESIAN_POINT('',(77.645751311065,33.233807834527,0.));
#564 = SURFACE_CURVE('',#565,(#592,#643),.PCURVE_S1.);
#565 = B_SPLINE_CURVE_WITH_KNOTS('',7,(#566,#567,#568,#569,#570,#571,
    #572,#573,#574,#575,#576,#577,#578,#579,#580,#581,#582,#583,#584,
    #585,#586,#587,#588,#589,#590,#591),.UNSPECIFIED.,.F.,.F.,(8,6,6,6,8
    ),(2.766673650818E-07,0.33468203446,1.,1.665317965541,1.999999723334
    ),.UNSPECIFIED.);
#566 = CARTESIAN_POINT('',(77.645751311065,33.233807834527,6.));
#567 = CARTESIAN_POINT('',(77.763322153972,33.319400738291,
    5.896312262745));
#568 = CARTESIAN_POINT('',(77.878873701022,33.395893618646,
    5.784848842911));
#569 = CARTESIAN_POINT('',(77.991119871754,33.463670053709,
    5.665947345564));
#570 = CARTESIAN_POINT('',(78.098845062784,33.523251982668,
    5.540183110168));
#571 = CARTESIAN_POINT('',(78.200941543234,33.575264790984,
    5.408397354833));
#572 = CARTESIAN_POINT('',(78.296462052748,33.620394853918,
    5.271727571937));
#573 = CARTESIAN_POINT('',(78.560072252254,33.736758153636,
    4.853158723185));
#574 = CARTESIAN_POINT('',(78.707197396808,33.789985538209,
    4.560267630039));
#575 = CARTESIAN_POINT('',(78.824786338619,33.82628950558,4.256861131947
    ));
#576 = CARTESIAN_POINT('',(78.912667252621,33.85043058727,3.946360281462
    ));
#577 = CARTESIAN_POINT('',(78.970976335797,33.865490363244,
    3.631700034609));
#578 = CARTESIAN_POINT('',(79.,33.872983346207,3.315447936508));
#579 = CARTESIAN_POINT('',(79.,33.872983346207,2.684552063491));
#580 = CARTESIAN_POINT('',(78.970976335797,33.865490363244,
    2.368299965391));
#581 = CARTESIAN_POINT('',(78.912667252621,33.850430587271,
    2.053639718538));
#582 = CARTESIAN_POINT('',(78.824786338618,33.82628950558,1.743138868053
    ));
#583 = CARTESIAN_POINT('',(78.707197396808,33.789985538209,
    1.439732369961));
#584 = CARTESIAN_POINT('',(78.560072252254,33.736758153636,
    1.146841276815));
#585 = CARTESIAN_POINT('',(78.296462052748,33.620394853918,
    0.728272428063));
#586 = CARTESIAN_POINT('',(78.200941543234,33.575264790984,
    0.591602645167));
#587 = CARTESIAN_POINT('',(78.098845062784,33.523251982668,
    0.459816889832));
#588 = CARTESIAN_POINT('',(77.991119871754,33.463670053709,
    0.334052654436));
#589 = CARTESIAN_POINT('',(77.878873701022,33.395893618646,
    0.215151157089));
#590 = CARTESIAN_POINT('',(77.763322153972,33.319400738291,
    0.103687737255));
#591 = CARTESIAN_POINT('',(77.645751311065,33.233807834527,
    -2.142421079918E-15));
#592 = PCURVE('',#491,#593);
#593 = DEFINITIONAL_REPRESENTATION('',(#594),#642);
#594 = B_SPLINE_CURVE_WITH_KNOTS('',3,(#595,#596,#597,#598,#599,#600,
    #601,#602,#603,#604,#605,#606,#607,#608,#609,#610,#611,#612,#613,
    #614,#615,#616,#617,#618,#619,#620,#621,#622,#623,#624,#625,#626,
    #627,#628,#629,#630,#631,#632,#633,#634,#635,#636,#637,#638,#639,
    #640,#641),.UNSPECIFIED.,.F.,.F.,(4,1,1,1,1,1,1,1,1,1,1,1,1,1,1,1,1,
    1,1,1,1,1,1,1,1,1,1,1,1,1,1,1,1,1,1,1,1,1,1,1,1,1,1,1,4),(
    2.766673650818E-07,4.545480954614E-02,9.090934242492E-02,
    0.136363875304,0.181818408182,0.227272941061,0.27272747394,
    0.318182006819,0.363636539698,0.409091072576,0.454545605455,
    0.500000138334,0.545454671213,0.590909204091,0.63636373697,
    0.681818269849,0.727272802728,0.772727335607,0.818181868485,
    0.863636401364,0.909090934243,0.954545467122,1.,1.045454532879,
    1.090909065758,1.136363598637,1.181818131516,1.227272664394,
    1.272727197273,1.318181730152,1.363636263031,1.409090795909,
    1.454545328788,1.499999861667,1.545454394546,1.590908927425,
    1.636363460303,1.681817993182,1.727272526061,1.77272705894,
    1.818181591818,1.863636124697,1.909090657576,1.954545190455,
    1.999999723334),.QUASI_UNIFORM_KNOTS.);
#595 = CARTESIAN_POINT('',(7.131247386161,26.766192165473));
#596 = CARTESIAN_POINT('',(7.118828235122,26.739064920622));
#597 = CARTESIAN_POINT('',(7.093754784956,26.687171414454));
#598 = CARTESIAN_POINT('',(7.055547757332,26.616155136913));
#599 = CARTESIAN_POINT('',(7.016851037368,26.551716354985));
#600 = CARTESIAN_POINT('',(6.97777679658,26.493564892783));
#601 = CARTESIAN_POINT('',(6.938441704116,26.441387480014));
#602 = CARTESIAN_POINT('',(6.898970544671,26.394849515432));
#603 = CARTESIAN_POINT('',(6.8594912441,26.353596821301));
#604 = CARTESIAN_POINT('',(6.820161167033,26.317277697016));
#605 = CARTESIAN_POINT('',(6.780975600047,26.28539604843));
#606 = CARTESIAN_POINT('',(6.74193580765,26.257516118178));
#607 = CARTESIAN_POINT('',(6.703041914823,26.233242680084));
#608 = CARTESIAN_POINT('',(6.664291620357,26.212219597256));
#609 = CARTESIAN_POINT('',(6.625680940143,26.194127488117));
#610 = CARTESIAN_POINT('',(6.587204334141,26.178681985889));
#611 = CARTESIAN_POINT('',(6.548854935347,26.165632161033));
#612 = CARTESIAN_POINT('',(6.510624711998,26.154759189533));
#613 = CARTESIAN_POINT('',(6.472504574636,26.145875212371));
#614 = CARTESIAN_POINT('',(6.434484600122,26.138822368413));
#615 = CARTESIAN_POINT('',(6.396553715732,26.133471972872));
#616 = CARTESIAN_POINT('',(6.358701334007,26.129723816895));
#617 = CARTESIAN_POINT('',(6.320911658929,26.12750556039));
#618 = CARTESIAN_POINT('',(6.283185307179,26.126772200494));
#619 = CARTESIAN_POINT('',(6.245458955429,26.12750556039));
#620 = CARTESIAN_POINT('',(6.207669280351,26.129723816895));
#621 = CARTESIAN_POINT('',(6.169816898626,26.133471972872));
#622 = CARTESIAN_POINT('',(6.131886014236,26.138822368413));
#623 = CARTESIAN_POINT('',(6.093866039722,26.145875212371));
#624 = CARTESIAN_POINT('',(6.055745902361,26.154759189533));
#625 = CARTESIAN_POINT('',(6.017515679012,26.165632161033));
#626 = CARTESIAN_POINT('',(5.979166280218,26.178681985889));
#627 = CARTESIAN_POINT('',(5.940689674216,26.194127488117));
#628 = CARTESIAN_POINT('',(5.902078994002,26.212219597256));
#629 = CARTESIAN_POINT('',(5.863328699536,26.233242680085));
#630 = CARTESIAN_POINT('',(5.824434806709,26.257516118178));
#631 = CARTESIAN_POINT('',(5.785395014311,26.28539604843));
#632 = CARTESIAN_POINT('',(5.746209447326,26.317277697016));
#633 = CARTESIAN_POINT('',(5.706879370259,26.353596821302));
#634 = CARTESIAN_POINT('',(5.667400069688,26.394849515432));
#635 = CARTESIAN_POINT('',(5.627928910243,26.441387480015));
#636 = CARTESIAN_POINT('',(5.58859381778,26.493564892783));
#637 = CARTESIAN_POINT('',(5.549519576991,26.551716354985));
#638 = CARTESIAN_POINT('',(5.510822857028,26.616155136913));
#639 = CARTESIAN_POINT('',(5.472615829403,26.687171414454));
#640 = CARTESIAN_POINT('',(5.447542379237,26.739064920622));
#641 = CARTESIAN_POINT('',(5.435123228198,26.766192165473));
#642 = ( GEOMETRIC_REPRESENTATION_CONTEXT(2) 
PARAMETRIC_REPRESENTATION_CONTEXT() REPRESENTATION_CONTEXT('2D SPACE',''
  ) );
#643 = PCURVE('',#521,#644);
#644 = DEFINITIONAL_REPRESENTATION('',(#645),#693);
#645 = B_SPLINE_CURVE_WITH_KNOTS('',3,(#646,#647,#648,#649,#650,#651,
    #652,#653,#654,#655,#656,#657,#658,#659,#660,#661,#662,#663,#664,
    #665,#666,#667,#668,#669,#670,#671,#672,#673,#674,#675,#676,#677,
    #678,#679,#680,#681,#682,#683,#684,#685,#686,#687,#688,#689,#690,
    #691,#692),.UNSPECIFIED.,.F.,.F.,(4,1,1,1,1,1,1,1,1,1,1,1,1,1,1,1,1,
    1,1,1,1,1,1,1,1,1,1,1,1,1,1,1,1,1,1,1,1,1,1,1,1,1,1,1,4),(
    2.766673650818E-07,4.545480954614E-02,9.090934242492E-02,
    0.136363875304,0.181818408182,0.227272941061,0.27272747394,
    0.318182006819,0.363636539698,0.409091072576,0.454545605455,
    0.500000138334,0.545454671213,0.590909204091,0.63636373697,
    0.681818269849,0.727272802728,0.772727335607,0.818181868485,
    0.863636401364,0.909090934243,0.954545467122,1.,1.045454532879,
    1.090909065758,1.136363598637,1.181818131516,1.227272664394,
    1.272727197273,1.318181730152,1.363636263031,1.409090795909,
    1.454545328788,1.499999861667,1.545454394546,1.590908927425,
    1.636363460303,1.681817993182,1.727272526061,1.77272705894,
    1.818181591818,1.863636124697,1.909090657576,1.954545190455,
    1.999999723334),.QUASI_UNIFORM_KNOTS.);
#646 = CARTESIAN_POINT('',(0.941517134816,54.));
#647 = CARTESIAN_POINT('',(0.953038662987,54.032852626842));
#648 = CARTESIAN_POINT('',(0.975630294305,54.100588526247));
#649 = CARTESIAN_POINT('',(1.008098789289,54.207993362028));
#650 = CARTESIAN_POINT('',(1.039083156815,54.320937337069));
#651 = CARTESIAN_POINT('',(1.068519966318,54.439056743211));
#652 = CARTESIAN_POINT('',(1.096348361493,54.561918294096));
#653 = CARTESIAN_POINT('',(1.122510562296,54.689000226843));
#654 = CARTESIAN_POINT('',(1.146956558544,54.819714453561));
#655 = CARTESIAN_POINT('',(1.169633790592,54.953315267134));
#656 = CARTESIAN_POINT('',(1.19059096935,55.089572308358));
#657 = CARTESIAN_POINT('',(1.209864049134,55.228239161362));
#658 = CARTESIAN_POINT('',(1.227484603805,55.369072343394));
#659 = CARTESIAN_POINT('',(1.243480561756,55.511838462107));
#660 = CARTESIAN_POINT('',(1.25787665627,55.656312120184));
#661 = CARTESIAN_POINT('',(1.270694839561,55.802276219268));
#662 = CARTESIAN_POINT('',(1.281954611137,55.949521556234));
#663 = CARTESIAN_POINT('',(1.291673287384,56.097846499098));
#664 = CARTESIAN_POINT('',(1.299866215499,56.24705671179));
#665 = CARTESIAN_POINT('',(1.306546938326,56.396964274989));
#666 = CARTESIAN_POINT('',(1.311727313096,56.547388856468));
#667 = CARTESIAN_POINT('',(1.315417586036,56.698150981376));
#668 = CARTESIAN_POINT('',(1.317626422749,56.849094558711));
#669 = CARTESIAN_POINT('',(1.318360896105,57.000000000002));
#670 = CARTESIAN_POINT('',(1.317626422749,57.150905441292));
#671 = CARTESIAN_POINT('',(1.315417586036,57.301849018627));
#672 = CARTESIAN_POINT('',(1.311727313096,57.452611143535));
#673 = CARTESIAN_POINT('',(1.306546938326,57.603035725013));
#674 = CARTESIAN_POINT('',(1.299866215499,57.752943288213));
#675 = CARTESIAN_POINT('',(1.291673287384,57.902153500904));
#676 = CARTESIAN_POINT('',(1.281954611137,58.050478443768));
#677 = CARTESIAN_POINT('',(1.27069483956,58.197723780734));
#678 = CARTESIAN_POINT('',(1.25787665627,58.343687879818));
#679 = CARTESIAN_POINT('',(1.243480561756,58.488161537894));
#680 = CARTESIAN_POINT('',(1.227484603805,58.630927656607));
#681 = CARTESIAN_POINT('',(1.209864049133,58.77176083864));
#682 = CARTESIAN_POINT('',(1.19059096935,58.910427691643));
#683 = CARTESIAN_POINT('',(1.169633790592,59.046684732867));
#684 = CARTESIAN_POINT('',(1.146956558544,59.18028554644));
#685 = CARTESIAN_POINT('',(1.122510562296,59.310999773158));
#686 = CARTESIAN_POINT('',(1.096348361493,59.438081705905));
#687 = CARTESIAN_POINT('',(1.068519966318,59.560943256789));
#688 = CARTESIAN_POINT('',(1.039083156815,59.679062662932));
#689 = CARTESIAN_POINT('',(1.008098789289,59.792006637972));
#690 = CARTESIAN_POINT('',(0.975630294305,59.899411473753));
#691 = CARTESIAN_POINT('',(0.953038662987,59.967147373158));
#692 = CARTESIAN_POINT('',(0.941517134816,60.));
#693 = ( GEOMETRIC_REPRESENTATION_CONTEXT(2) 
PARAMETRIC_REPRESENTATION_CONTEXT() REPRESENTATION_CONTEXT('2D SPACE',''
  ) );
#694 = ORIENTED_EDGE('',*,*,#695,.F.);
#695 = EDGE_CURVE('',#537,#562,#696,.T.);
#696 = SURFACE_CURVE('',#697,(#701,#707),.PCURVE_S1.);
#697 = LINE('',#698,#699);
#698 = CARTESIAN_POINT('',(77.645751311065,60.,0.));
#699 = VECTOR('',#700,1.);
#700 = DIRECTION('',(0.,-1.,0.));
#701 = PCURVE('',#491,#702);
#702 = DEFINITIONAL_REPRESENTATION('',(#703),#706);
#703 = B_SPLINE_CURVE_WITH_KNOTS('',1,(#704,#705),.UNSPECIFIED.,.F.,.F.,
  (2,2),(-0.,26.766192165473),.PIECEWISE_BEZIER_KNOTS.);
#704 = CARTESIAN_POINT('',(5.435123228198,0.));
#705 = CARTESIAN_POINT('',(5.435123228198,26.766192165473));
#706 = ( GEOMETRIC_REPRESENTATION_CONTEXT(2) 
PARAMETRIC_REPRESENTATION_CONTEXT() REPRESENTATION_CONTEXT('2D SPACE',''
  ) );
#707 = PCURVE('',#312,#708);
#708 = DEFINITIONAL_REPRESENTATION('',(#709),#712);
#709 = B_SPLINE_CURVE_WITH_KNOTS('',1,(#710,#711),.UNSPECIFIED.,.F.,.F.,
  (2,2),(-5.999999999062E-07,66.),.PIECEWISE_BEZIER_KNOTS.);
#710 = CARTESIAN_POINT('',(77.645751311065,60.0000006));
#711 = CARTESIAN_POINT('',(77.645751311065,-6.));
#712 = ( GEOMETRIC_REPRESENTATION_CONTEXT(2) 
PARAMETRIC_REPRESENTATION_CONTEXT() REPRESENTATION_CONTEXT('2D SPACE',''
  ) );
#713 = ADVANCED_FACE('',(#714),#521,.F.);
#714 = FACE_BOUND('',#715,.F.);
#715 = EDGE_LOOP('',(#716,#744,#745,#746));
#716 = ORIENTED_EDGE('',*,*,#717,.F.);
#717 = EDGE_CURVE('',#562,#718,#720,.T.);
#718 = VERTEX_POINT('',#719);
#719 = CARTESIAN_POINT('',(77.645751311065,26.766192165473,0.));
#720 = SURFACE_CURVE('',#721,(#726,#733),.PCURVE_S1.);
#721 = CIRCLE('',#722,4.);
#722 = AXIS2_PLACEMENT_3D('',#723,#724,#725);
#723 = CARTESIAN_POINT('',(80.,30.,0.));
#724 = DIRECTION('',(0.,0.,-1.));
#725 = DIRECTION('',(-1.,0.,0.));
#726 = PCURVE('',#521,#727);
#727 = DEFINITIONAL_REPRESENTATION('',(#728),#732);
#728 = LINE('',#729,#730);
#729 = CARTESIAN_POINT('',(0.,60.));
#730 = VECTOR('',#731,1.);
#731 = DIRECTION('',(1.,0.));
#732 = ( GEOMETRIC_REPRESENTATION_CONTEXT(2) 
PARAMETRIC_REPRESENTATION_CONTEXT() REPRESENTATION_CONTEXT('2D SPACE',''
  ) );
#733 = PCURVE('',#312,#734);
#734 = DEFINITIONAL_REPRESENTATION('',(#735),#743);
#735 = ( BOUNDED_CURVE() B_SPLINE_CURVE(2,(#736,#737,#738,#739,#740,#741
,#742),.UNSPECIFIED.,.T.,.F.) B_SPLINE_CURVE_WITH_KNOTS((1,2,2,2,2,1),(
    -2.094395102393,0.,2.094395102393,4.188790204786,6.28318530718,
8.377580409573),.UNSPECIFIED.) CURVE() GEOMETRIC_REPRESENTATION_ITEM() 
RATIONAL_B_SPLINE_CURVE((1.,0.5,1.,0.5,1.,0.5,1.)) REPRESENTATION_ITEM(
  '') );
#736 = CARTESIAN_POINT('',(76.,30.));
#737 = CARTESIAN_POINT('',(76.,36.928203230276));
#738 = CARTESIAN_POINT('',(82.,33.464101615138));
#739 = CARTESIAN_POINT('',(88.,30.));
#740 = CARTESIAN_POINT('',(82.,26.535898384862));
#741 = CARTESIAN_POINT('',(76.,23.071796769724));
#742 = CARTESIAN_POINT('',(76.,30.));
#743 = ( GEOMETRIC_REPRESENTATION_CONTEXT(2) 
PARAMETRIC_REPRESENTATION_CONTEXT() REPRESENTATION_CONTEXT('2D SPACE',''
  ) );
#744 = ORIENTED_EDGE('',*,*,#561,.F.);
#745 = ORIENTED_EDGE('',*,*,#502,.T.);
#746 = ORIENTED_EDGE('',*,*,#747,.T.);
#747 = EDGE_CURVE('',#406,#718,#748,.T.);
#748 = SURFACE_CURVE('',#749,(#776,#827),.PCURVE_S1.);
#749 = B_SPLINE_CURVE_WITH_KNOTS('',7,(#750,#751,#752,#753,#754,#755,
    #756,#757,#758,#759,#760,#761,#762,#763,#764,#765,#766,#767,#768,
    #769,#770,#771,#772,#773,#774,#775),.UNSPECIFIED.,.F.,.F.,(8,6,6,6,8
    ),(0.,0.334528393857,0.999999723335,1.665471052814,1.999999446671),
  .UNSPECIFIED.);
#750 = CARTESIAN_POINT('',(77.645751311065,26.766192165473,6.));
#751 = CARTESIAN_POINT('',(77.763269465916,26.68063761921,5.896358729243
    ));
#752 = CARTESIAN_POINT('',(77.878771788611,26.604173737968,
    5.784947284192));
#753 = CARTESIAN_POINT('',(77.990973237402,26.536418346183,
    5.666102942408));
#754 = CARTESIAN_POINT('',(78.098659020797,26.476850836557,
    5.540400558951));
#755 = CARTESIAN_POINT('',(78.20072200846,26.424847064835,5.408680752429
    ));
#756 = CARTESIAN_POINT('',(78.296215321925,26.379721774628,
    5.272080316438));
#757 = CARTESIAN_POINT('',(78.559884297226,26.263309499098,
    4.853534614868));
#758 = CARTESIAN_POINT('',(78.707071834441,26.210053478956,
    4.560591132819));
#759 = CARTESIAN_POINT('',(78.824708395301,26.17373216176,4.257130991495
    ));
#760 = CARTESIAN_POINT('',(78.912625536892,26.149580164071,3.94657450047
    ));
#761 = CARTESIAN_POINT('',(78.97096099931,26.134513610973,3.631853509925
    ));
#762 = CARTESIAN_POINT('',(79.,26.127016653793,3.315531328118));
#763 = CARTESIAN_POINT('',(79.,26.127016653793,2.684468671881));
#764 = CARTESIAN_POINT('',(78.97096099931,26.134513610973,2.368146490075
    ));
#765 = CARTESIAN_POINT('',(78.912625536892,26.149580164071,2.05342549953
    ));
#766 = CARTESIAN_POINT('',(78.8247083953,26.17373216176,1.742869008505)
  );
#767 = CARTESIAN_POINT('',(78.707071834441,26.210053478956,
    1.439408867181));
#768 = CARTESIAN_POINT('',(78.559884297226,26.263309499098,
    1.146465385132));
#769 = CARTESIAN_POINT('',(78.296215321925,26.379721774628,
    0.727919683563));
#770 = CARTESIAN_POINT('',(78.20072200846,26.424847064835,0.59131924757)
  );
#771 = CARTESIAN_POINT('',(78.098659020797,26.476850836557,
    0.459599441049));
#772 = CARTESIAN_POINT('',(77.990973237402,26.536418346183,
    0.333897057592));
#773 = CARTESIAN_POINT('',(77.878771788611,26.604173737968,
    0.215052715808));
#774 = CARTESIAN_POINT('',(77.763269465916,26.68063761921,0.103641270757
    ));
#775 = CARTESIAN_POINT('',(77.645751311065,26.766192165473,
    -2.121174806919E-15));
#776 = PCURVE('',#521,#777);
#777 = DEFINITIONAL_REPRESENTATION('',(#778),#826);
#778 = B_SPLINE_CURVE_WITH_KNOTS('',3,(#779,#780,#781,#782,#783,#784,
    #785,#786,#787,#788,#789,#790,#791,#792,#793,#794,#795,#796,#797,
    #798,#799,#800,#801,#802,#803,#804,#805,#806,#807,#808,#809,#810,
    #811,#812,#813,#814,#815,#816,#817,#818,#819,#820,#821,#822,#823,
    #824,#825),.UNSPECIFIED.,.F.,.F.,(4,1,1,1,1,1,1,1,1,1,1,1,1,1,1,1,1,
    1,1,1,1,1,1,1,1,1,1,1,1,1,1,1,1,1,1,1,1,1,1,1,1,1,1,1,4),(0.,
    4.54545328789E-02,9.090906575779E-02,0.136363598637,0.181818131516,
    0.227272664394,0.272727197273,0.318181730152,0.363636263031,
    0.40909079591,0.454545328789,0.499999861668,0.545454394547,
    0.590908927426,0.636363460305,0.681817993183,0.727272526062,
    0.772727058941,0.81818159182,0.863636124699,0.909090657578,
    0.954545190457,0.999999723336,1.045454256215,1.090908789093,
    1.136363321972,1.181817854851,1.22727238773,1.272726920609,
    1.318181453488,1.363635986367,1.409090519246,1.454545052125,
    1.499999585004,1.545454117882,1.590908650761,1.63636318364,
    1.681817716519,1.727272249398,1.772726782277,1.818181315156,
    1.863635848035,1.909090380914,1.954544913792,1.999999446671),
  .QUASI_UNIFORM_KNOTS.);
#779 = CARTESIAN_POINT('',(5.341668172363,54.));
#780 = CARTESIAN_POINT('',(5.330146526955,54.032852951001));
#781 = CARTESIAN_POINT('',(5.307554541214,54.100589945929));
#782 = CARTESIAN_POINT('',(5.275085282876,54.207997550489));
#783 = CARTESIAN_POINT('',(5.244100052488,54.320945242106));
#784 = CARTESIAN_POINT('',(5.214662398504,54.439069000436));
#785 = CARTESIAN_POINT('',(5.186833288252,54.561935107316));
#786 = CARTESIAN_POINT('',(5.160670590766,54.689021296889));
#787 = CARTESIAN_POINT('',(5.136224429255,54.819738637281));
#788 = CARTESIAN_POINT('',(5.113547320983,54.953341209824));
#789 = CARTESIAN_POINT('',(5.092590463596,55.089598819644));
#790 = CARTESIAN_POINT('',(5.07331787831,55.228264844397));
#791 = CARTESIAN_POINT('',(5.055697908833,55.36909603478));
#792 = CARTESIAN_POINT('',(5.039702570914,55.511859165874));
#793 = CARTESIAN_POINT('',(5.025307079785,55.656329072974));
#794 = CARTESIAN_POINT('',(5.012489442647,55.802288915893));
#795 = CARTESIAN_POINT('',(5.001230129205,55.949529781048));
#796 = CARTESIAN_POINT('',(4.991511803073,56.097850351503));
#797 = CARTESIAN_POINT('',(4.983319108296,56.247056626503));
#798 = CARTESIAN_POINT('',(4.976638505106,56.396961045658));
#799 = CARTESIAN_POINT('',(4.971458151729,56.547383627072));
#800 = CARTESIAN_POINT('',(4.967767830308,56.698145338583));
#801 = CARTESIAN_POINT('',(4.965558917038,56.849090227628));
#802 = CARTESIAN_POINT('',(4.964824394771,57.000000000001));
#803 = CARTESIAN_POINT('',(4.965558917038,57.150909772374));
#804 = CARTESIAN_POINT('',(4.967767830308,57.301854661418));
#805 = CARTESIAN_POINT('',(4.971458151729,57.45261637293));
#806 = CARTESIAN_POINT('',(4.976638505106,57.603038954343));
#807 = CARTESIAN_POINT('',(4.983319108296,57.752943373498));
#808 = CARTESIAN_POINT('',(4.991511803073,57.902149648498));
#809 = CARTESIAN_POINT('',(5.001230129205,58.050470218953));
#810 = CARTESIAN_POINT('',(5.012489442647,58.197711084107));
#811 = CARTESIAN_POINT('',(5.025307079785,58.343670927026));
#812 = CARTESIAN_POINT('',(5.039702570914,58.488140834127));
#813 = CARTESIAN_POINT('',(5.055697908833,58.63090396522));
#814 = CARTESIAN_POINT('',(5.07331787831,58.771735155603));
#815 = CARTESIAN_POINT('',(5.092590463596,58.910401180356));
#816 = CARTESIAN_POINT('',(5.113547320983,59.046658790176));
#817 = CARTESIAN_POINT('',(5.136224429255,59.180261362719));
#818 = CARTESIAN_POINT('',(5.160670590766,59.310978703111));
#819 = CARTESIAN_POINT('',(5.186833288252,59.438064892684));
#820 = CARTESIAN_POINT('',(5.214662398504,59.560930999564));
#821 = CARTESIAN_POINT('',(5.244100052488,59.679054757894));
#822 = CARTESIAN_POINT('',(5.275085282876,59.792002449511));
#823 = CARTESIAN_POINT('',(5.307554541214,59.899410054071));
#824 = CARTESIAN_POINT('',(5.330146526955,59.967147048999));
#825 = CARTESIAN_POINT('',(5.341668172363,60.));
#826 = ( GEOMETRIC_REPRESENTATION_CONTEXT(2) 
PARAMETRIC_REPRESENTATION_CONTEXT() REPRESENTATION_CONTEXT('2D SPACE',''
  ) );
#827 = PCURVE('',#422,#828);
#828 = DEFINITIONAL_REPRESENTATION('',(#829),#877);
#829 = B_SPLINE_CURVE_WITH_KNOTS('',3,(#830,#831,#832,#833,#834,#835,
    #836,#837,#838,#839,#840,#841,#842,#843,#844,#845,#846,#847,#848,
    #849,#850,#851,#852,#853,#854,#855,#856,#857,#858,#859,#860,#861,
    #862,#863,#864,#865,#866,#867,#868,#869,#870,#871,#872,#873,#874,
    #875,#876),.UNSPECIFIED.,.F.,.F.,(4,1,1,1,1,1,1,1,1,1,1,1,1,1,1,1,1,
    1,1,1,1,1,1,1,1,1,1,1,1,1,1,1,1,1,1,1,1,1,1,1,1,1,1,1,4),(0.,
    4.54545328789E-02,9.090906575779E-02,0.136363598637,0.181818131516,
    0.227272664394,0.272727197273,0.318181730152,0.363636263031,
    0.40909079591,0.454545328789,0.499999861668,0.545454394547,
    0.590908927426,0.636363460305,0.681817993183,0.727272526062,
    0.772727058941,0.81818159182,0.863636124699,0.909090657578,
    0.954545190457,0.999999723336,1.045454256215,1.090908789093,
    1.136363321972,1.181817854851,1.22727238773,1.272726920609,
    1.318181453488,1.363635986367,1.409090519246,1.454545052125,
    1.499999585004,1.545454117882,1.590908650761,1.63636318364,
    1.681817716519,1.727272249398,1.772726782277,1.818181315156,
    1.863635848035,1.909090380914,1.954544913792,1.999999446671),
  .QUASI_UNIFORM_KNOTS.);
#830 = CARTESIAN_POINT('',(7.131247386161,33.233807834527));
#831 = CARTESIAN_POINT('',(7.118828110946,33.260935360455));
#832 = CARTESIAN_POINT('',(7.093754260214,33.31282966567));
#833 = CARTESIAN_POINT('',(7.05554628192,33.383847529399));
#834 = CARTESIAN_POINT('',(7.01684836221,33.448287930425));
#835 = CARTESIAN_POINT('',(6.977772794649,33.506440800698));
#836 = CARTESIAN_POINT('',(6.93843639152,33.558619224265));
#837 = CARTESIAN_POINT('',(6.898964084542,33.605157697473));
#838 = CARTESIAN_POINT('',(6.859484030907,33.64641028494));
#839 = CARTESIAN_POINT('',(6.820153619818,33.682728850814));
#840 = CARTESIAN_POINT('',(6.78096806012,33.71460969248));
#841 = CARTESIAN_POINT('',(6.741928651733,33.742488642618));
#842 = CARTESIAN_POINT('',(6.703035434805,33.766761068534));
#843 = CARTESIAN_POINT('',(6.664286050869,33.787783186214));
#844 = CARTESIAN_POINT('',(6.625676446901,33.805874435988));
#845 = CARTESIAN_POINT('',(6.587201013069,33.821319218653));
#846 = CARTESIAN_POINT('',(6.548852809044,33.834368480223));
#847 = CARTESIAN_POINT('',(6.510623726909,33.845241046812));
#848 = CARTESIAN_POINT('',(6.472504598548,33.854124768382));
#849 = CARTESIAN_POINT('',(6.434485417812,33.861177487912));
#850 = CARTESIAN_POINT('',(6.396555031582,33.866527864014));
#851 = CARTESIAN_POINT('',(6.358702748253,33.870276071298));
#852 = CARTESIAN_POINT('',(6.320912741827,33.872494406243));
#853 = CARTESIAN_POINT('',(6.283185307179,33.873227816189));
#854 = CARTESIAN_POINT('',(6.245457872532,33.872494406243));
#855 = CARTESIAN_POINT('',(6.207667866105,33.870276071298));
#856 = CARTESIAN_POINT('',(6.169815582777,33.866527864014));
#857 = CARTESIAN_POINT('',(6.131885196546,33.861177487912));
#858 = CARTESIAN_POINT('',(6.093866015811,33.854124768382));
#859 = CARTESIAN_POINT('',(6.05574688745,33.845241046812));
#860 = CARTESIAN_POINT('',(6.017517805315,33.834368480223));
#861 = CARTESIAN_POINT('',(5.97916960129,33.821319218653));
#862 = CARTESIAN_POINT('',(5.940694167458,33.805874435988));
#863 = CARTESIAN_POINT('',(5.90208456349,33.787783186214));
#864 = CARTESIAN_POINT('',(5.863335179555,33.766761068534));
#865 = CARTESIAN_POINT('',(5.824441962626,33.742488642618));
#866 = CARTESIAN_POINT('',(5.785402554239,33.71460969248));
#867 = CARTESIAN_POINT('',(5.746216994541,33.682728850814));
#868 = CARTESIAN_POINT('',(5.706886583452,33.64641028494));
#869 = CARTESIAN_POINT('',(5.667406529818,33.605157697473));
#870 = CARTESIAN_POINT('',(5.627934222839,33.558619224265));
#871 = CARTESIAN_POINT('',(5.58859781971,33.506440800698));
#872 = CARTESIAN_POINT('',(5.549522252149,33.448287930425));
#873 = CARTESIAN_POINT('',(5.510824332439,33.383847529399));
#874 = CARTESIAN_POINT('',(5.472616354146,33.31282966567));
#875 = CARTESIAN_POINT('',(5.447542503413,33.260935360455));
#876 = CARTESIAN_POINT('',(5.435123228198,33.233807834527));
#877 = ( GEOMETRIC_REPRESENTATION_CONTEXT(2) 
PARAMETRIC_REPRESENTATION_CONTEXT() REPRESENTATION_CONTEXT('2D SPACE',''
  ) );
#878 = ADVANCED_FACE('',(#879),#422,.F.);
#879 = FACE_BOUND('',#880,.F.);
#880 = EDGE_LOOP('',(#881,#907,#926,#927,#928,#955,#981,#1013));
#881 = ORIENTED_EDGE('',*,*,#882,.T.);
#882 = EDGE_CURVE('',#883,#885,#887,.T.);
#883 = VERTEX_POINT('',#884);
#884 = CARTESIAN_POINT('',(72.354248688935,0.,0.));
#885 = VERTEX_POINT('',#886);
#886 = CARTESIAN_POINT('',(77.645751311065,0.,0.));
#887 = SURFACE_CURVE('',#888,(#893,#900),.PCURVE_S1.);
#888 = CIRCLE('',#889,4.);
#889 = AXIS2_PLACEMENT_3D('',#890,#891,#892);
#890 = CARTESIAN_POINT('',(75.,0.,3.));
#891 = DIRECTION('',(0.,1.,0.));
#892 = DIRECTION('',(-0.661437827766,0.,-0.75));
#893 = PCURVE('',#422,#894);
#894 = DEFINITIONAL_REPRESENTATION('',(#895),#899);
#895 = LINE('',#896,#897);
#896 = CARTESIAN_POINT('',(10.272840039751,60.));
#897 = VECTOR('',#898,1.);
#898 = DIRECTION('',(-1.,-0.));
#899 = ( GEOMETRIC_REPRESENTATION_CONTEXT(2) 
PARAMETRIC_REPRESENTATION_CONTEXT() REPRESENTATION_CONTEXT('2D SPACE',''
  ) );
#900 = PCURVE('',#44,#901);
#901 = DEFINITIONAL_REPRESENTATION('',(#902),#906);
#902 = CIRCLE('',#903,4.);
#903 = AXIS2_PLACEMENT_2D('',#904,#905);
#904 = CARTESIAN_POINT('',(3.,75.));
#905 = DIRECTION('',(-0.75,-0.661437827766));
#906 = ( GEOMETRIC_REPRESENTATION_CONTEXT(2) 
PARAMETRIC_REPRESENTATION_CONTEXT() REPRESENTATION_CONTEXT('2D SPACE',''
  ) );
#907 = ORIENTED_EDGE('',*,*,#908,.F.);
#908 = EDGE_CURVE('',#718,#885,#909,.T.);
#909 = SURFACE_CURVE('',#910,(#914,#920),.PCURVE_S1.);
#910 = LINE('',#911,#912);
#911 = CARTESIAN_POINT('',(77.645751311065,60.,0.));
#912 = VECTOR('',#913,1.);
#913 = DIRECTION('',(0.,-1.,0.));
#914 = PCURVE('',#422,#915);
#915 = DEFINITIONAL_REPRESENTATION('',(#916),#919);
#916 = B_SPLINE_CURVE_WITH_KNOTS('',1,(#917,#918),.UNSPECIFIED.,.F.,.F.,
  (2,2),(33.233807834527,60.),.PIECEWISE_BEZIER_KNOTS.);
#917 = CARTESIAN_POINT('',(5.435123228198,33.233807834527));
#918 = CARTESIAN_POINT('',(5.435123228198,60.));
#919 = ( GEOMETRIC_REPRESENTATION_CONTEXT(2) 
PARAMETRIC_REPRESENTATION_CONTEXT() REPRESENTATION_CONTEXT('2D SPACE',''
  ) );
#920 = PCURVE('',#312,#921);
#921 = DEFINITIONAL_REPRESENTATION('',(#922),#925);
#922 = B_SPLINE_CURVE_WITH_KNOTS('',1,(#923,#924),.UNSPECIFIED.,.F.,.F.,
  (2,2),(-5.999999999062E-07,66.),.PIECEWISE_BEZIER_KNOTS.);
#923 = CARTESIAN_POINT('',(77.645751311065,60.0000006));
#924 = CARTESIAN_POINT('',(77.645751311065,-6.));
#925 = ( GEOMETRIC_REPRESENTATION_CONTEXT(2) 
PARAMETRIC_REPRESENTATION_CONTEXT() REPRESENTATION_CONTEXT('2D SPACE',''
  ) );
#926 = ORIENTED_EDGE('',*,*,#747,.F.);
#927 = ORIENTED_EDGE('',*,*,#405,.T.);
#928 = ORIENTED_EDGE('',*,*,#929,.T.);
#929 = EDGE_CURVE('',#408,#930,#932,.T.);
#930 = VERTEX_POINT('',#931);
#931 = CARTESIAN_POINT('',(72.354248688935,6.,6.));
#932 = SURFACE_CURVE('',#933,(#938,#944),.PCURVE_S1.);
#933 = CIRCLE('',#934,4.);
#934 = AXIS2_PLACEMENT_3D('',#935,#936,#937);
#935 = CARTESIAN_POINT('',(75.,6.,3.));
#936 = DIRECTION('',(0.,-1.,0.));
#937 = DIRECTION('',(1.,0.,0.));
#938 = PCURVE('',#422,#939);
#939 = DEFINITIONAL_REPRESENTATION('',(#940),#943);
#940 = B_SPLINE_CURVE_WITH_KNOTS('',1,(#941,#942),.UNSPECIFIED.,.F.,.F.,
  (2,2),(0.848062078981,2.293530574608),.PIECEWISE_BEZIER_KNOTS.);
#941 = CARTESIAN_POINT('',(7.131247386161,54.));
#942 = CARTESIAN_POINT('',(8.576715881788,54.));
#943 = ( GEOMETRIC_REPRESENTATION_CONTEXT(2) 
PARAMETRIC_REPRESENTATION_CONTEXT() REPRESENTATION_CONTEXT('2D SPACE',''
  ) );
#944 = PCURVE('',#156,#945);
#945 = DEFINITIONAL_REPRESENTATION('',(#946),#954);
#946 = ( BOUNDED_CURVE() B_SPLINE_CURVE(2,(#947,#948,#949,#950,#951,#952
,#953),.UNSPECIFIED.,.T.,.F.) B_SPLINE_CURVE_WITH_KNOTS((1,2,2,2,2,1),(
    -2.094395102393,0.,2.094395102393,4.188790204786,6.28318530718,
8.377580409573),.UNSPECIFIED.) CURVE() GEOMETRIC_REPRESENTATION_ITEM() 
RATIONAL_B_SPLINE_CURVE((1.,0.5,1.,0.5,1.,0.5,1.)) REPRESENTATION_ITEM(
  '') );
#947 = CARTESIAN_POINT('',(3.,79.));
#948 = CARTESIAN_POINT('',(9.928203230276,79.));
#949 = CARTESIAN_POINT('',(6.464101615138,73.));
#950 = CARTESIAN_POINT('',(3.,67.));
#951 = CARTESIAN_POINT('',(-0.464101615138,73.));
#952 = CARTESIAN_POINT('',(-3.928203230276,79.));
#953 = CARTESIAN_POINT('',(3.,79.));
#954 = ( GEOMETRIC_REPRESENTATION_CONTEXT(2) 
PARAMETRIC_REPRESENTATION_CONTEXT() REPRESENTATION_CONTEXT('2D SPACE',''
  ) );
#955 = ORIENTED_EDGE('',*,*,#956,.F.);
#956 = EDGE_CURVE('',#957,#930,#959,.T.);
#957 = VERTEX_POINT('',#958);
#958 = CARTESIAN_POINT('',(72.354248688935,60.,6.));
#959 = SURFACE_CURVE('',#960,(#964,#970),.PCURVE_S1.);
#960 = LINE('',#961,#962);
#961 = CARTESIAN_POINT('',(72.354248688935,60.,6.));
#962 = VECTOR('',#963,1.);
#963 = DIRECTION('',(0.,-1.,0.));
#964 = PCURVE('',#422,#965);
#965 = DEFINITIONAL_REPRESENTATION('',(#966),#969);
#966 = B_SPLINE_CURVE_WITH_KNOTS('',1,(#967,#968),.UNSPECIFIED.,.F.,.F.,
  (2,2),(0.,54.),.PIECEWISE_BEZIER_KNOTS.);
#967 = CARTESIAN_POINT('',(8.576715881788,0.));
#968 = CARTESIAN_POINT('',(8.576715881788,54.));
#969 = ( GEOMETRIC_REPRESENTATION_CONTEXT(2) 
PARAMETRIC_REPRESENTATION_CONTEXT() REPRESENTATION_CONTEXT('2D SPACE',''
  ) );
#970 = PCURVE('',#971,#976);
#971 = PLANE('',#972);
#972 = AXIS2_PLACEMENT_3D('',#973,#974,#975);
#973 = CARTESIAN_POINT('',(0.,0.,6.));
#974 = DIRECTION('',(0.,0.,1.));
#975 = DIRECTION('',(1.,0.,0.));
#976 = DEFINITIONAL_REPRESENTATION('',(#977),#980);
#977 = B_SPLINE_CURVE_WITH_KNOTS('',1,(#978,#979),.UNSPECIFIED.,.F.,.F.,
  (2,2),(-5.999999999062E-07,59.4),.PIECEWISE_BEZIER_KNOTS.);
#978 = CARTESIAN_POINT('',(72.354248688935,60.0000006));
#979 = CARTESIAN_POINT('',(72.354248688935,0.6));
#980 = ( GEOMETRIC_REPRESENTATION_CONTEXT(2) 
PARAMETRIC_REPRESENTATION_CONTEXT() REPRESENTATION_CONTEXT('2D SPACE',''
  ) );
#981 = ORIENTED_EDGE('',*,*,#982,.T.);
#982 = EDGE_CURVE('',#957,#983,#985,.T.);
#983 = VERTEX_POINT('',#984);
#984 = CARTESIAN_POINT('',(72.354248688935,60.,-2.509104035653E-14));
#985 = SURFACE_CURVE('',#986,(#991,#997),.PCURVE_S1.);
#986 = CIRCLE('',#987,4.);
#987 = AXIS2_PLACEMENT_3D('',#988,#989,#990);
#988 = CARTESIAN_POINT('',(75.,60.,3.));
#989 = DIRECTION('',(-0.,-1.,0.));
#990 = DIRECTION('',(1.,-0.,0.));
#991 = PCURVE('',#422,#992);
#992 = DEFINITIONAL_REPRESENTATION('',(#993),#996);
#993 = B_SPLINE_CURVE_WITH_KNOTS('',1,(#994,#995),.UNSPECIFIED.,.F.,.F.,
  (2,2),(2.293530574608,3.989654732571),.PIECEWISE_BEZIER_KNOTS.);
#994 = CARTESIAN_POINT('',(8.576715881788,0.));
#995 = CARTESIAN_POINT('',(10.272840039751,0.));
#996 = ( GEOMETRIC_REPRESENTATION_CONTEXT(2) 
PARAMETRIC_REPRESENTATION_CONTEXT() REPRESENTATION_CONTEXT('2D SPACE',''
  ) );
#997 = PCURVE('',#998,#1003);
#998 = PLANE('',#999);
#999 = AXIS2_PLACEMENT_3D('',#1000,#1001,#1002);
#1000 = CARTESIAN_POINT('',(0.,60.,0.));
#1001 = DIRECTION('',(0.,1.,0.));
#1002 = DIRECTION('',(0.,0.,1.));
#1003 = DEFINITIONAL_REPRESENTATION('',(#1004),#1012);
#1004 = ( BOUNDED_CURVE() B_SPLINE_CURVE(2,(#1005,#1006,#1007,#1008,
#1009,#1010,#1011),.UNSPECIFIED.,.T.,.F.) B_SPLINE_CURVE_WITH_KNOTS((1,2
    ,2,2,2,1),(-2.094395102393,0.,2.094395102393,4.188790204786,
6.28318530718,8.377580409573),.UNSPECIFIED.) CURVE() 
GEOMETRIC_REPRESENTATION_ITEM() RATIONAL_B_SPLINE_CURVE((1.,0.5,1.,0.5,
1.,0.5,1.)) REPRESENTATION_ITEM('') );
#1005 = CARTESIAN_POINT('',(3.,79.));
#1006 = CARTESIAN_POINT('',(9.928203230276,79.));
#1007 = CARTESIAN_POINT('',(6.464101615138,73.));
#1008 = CARTESIAN_POINT('',(3.,67.));
#1009 = CARTESIAN_POINT('',(-0.464101615138,73.));
#1010 = CARTESIAN_POINT('',(-3.928203230276,79.));
#1011 = CARTESIAN_POINT('',(3.,79.));
#1012 = ( GEOMETRIC_REPRESENTATION_CONTEXT(2) 
PARAMETRIC_REPRESENTATION_CONTEXT() REPRESENTATION_CONTEXT('2D SPACE',''
  ) );
#1013 = ORIENTED_EDGE('',*,*,#1014,.T.);
#1014 = EDGE_CURVE('',#983,#883,#1015,.T.);
#1015 = SURFACE_CURVE('',#1016,(#1020,#1026),.PCURVE_S1.);
#1016 = LINE('',#1017,#1018);
#1017 = CARTESIAN_POINT('',(72.354248688935,60.,0.));
#1018 = VECTOR('',#1019,1.);
#1019 = DIRECTION('',(0.,-1.,0.));
#1020 = PCURVE('',#422,#1021);
#1021 = DEFINITIONAL_REPRESENTATION('',(#1022),#1025);
#1022 = B_SPLINE_CURVE_WITH_KNOTS('',1,(#1023,#1024),.UNSPECIFIED.,.F.,
  .F.,(2,2),(0.,60.),.PIECEWISE_BEZIER_KNOTS.);
#1023 = CARTESIAN_POINT('',(10.272840039751,0.));
#1024 = CARTESIAN_POINT('',(10.272840039751,60.));
#1025 = ( GEOMETRIC_REPRESENTATION_CONTEXT(2) 
PARAMETRIC_REPRESENTATION_CONTEXT() REPRESENTATION_CONTEXT('2D SPACE',''
  ) );
#1026 = PCURVE('',#1027,#1032);
#1027 = PLANE('',#1028);
#1028 = AXIS2_PLACEMENT_3D('',#1029,#1030,#1031);
#1029 = CARTESIAN_POINT('',(0.,0.,0.));
#1030 = DIRECTION('',(0.,0.,1.));
#1031 = DIRECTION('',(1.,0.,0.));
#1032 = DEFINITIONAL_REPRESENTATION('',(#1033),#1036);
#1033 = B_SPLINE_CURVE_WITH_KNOTS('',1,(#1034,#1035),.UNSPECIFIED.,.F.,
  .F.,(2,2),(-5.999999999062E-07,66.),.PIECEWISE_BEZIER_KNOTS.);
#1034 = CARTESIAN_POINT('',(72.354248688935,60.0000006));
#1035 = CARTESIAN_POINT('',(72.354248688935,-6.));
#1036 = ( GEOMETRIC_REPRESENTATION_CONTEXT(2) 
PARAMETRIC_REPRESENTATION_CONTEXT() REPRESENTATION_CONTEXT('2D SPACE',''
  ) );
#1037 = ADVANCED_FACE('',(#1038),#1027,.F.);
#1038 = FACE_BOUND('',#1039,.F.);
#1039 = EDGE_LOOP('',(#1040,#1068,#1089,#1090));
#1040 = ORIENTED_EDGE('',*,*,#1041,.T.);
#1041 = EDGE_CURVE('',#1042,#1044,#1046,.T.);
#1042 = VERTEX_POINT('',#1043);
#1043 = CARTESIAN_POINT('',(27.645751311064,60.,-5.617728504603E-14));
#1044 = VERTEX_POINT('',#1045);
#1045 = CARTESIAN_POINT('',(27.645751311065,0.,0.));
#1046 = SURFACE_CURVE('',#1047,(#1051,#1057),.PCURVE_S1.);
#1047 = LINE('',#1048,#1049);
#1048 = CARTESIAN_POINT('',(27.645751311065,60.,0.));
#1049 = VECTOR('',#1050,1.);
#1050 = DIRECTION('',(0.,-1.,0.));
#1051 = PCURVE('',#1027,#1052);
#1052 = DEFINITIONAL_REPRESENTATION('',(#1053),#1056);
#1053 = B_SPLINE_CURVE_WITH_KNOTS('',1,(#1054,#1055),.UNSPECIFIED.,.F.,
  .F.,(2,2),(-5.999999999062E-07,66.),.PIECEWISE_BEZIER_KNOTS.);
#1054 = CARTESIAN_POINT('',(27.645751311065,60.0000006));
#1055 = CARTESIAN_POINT('',(27.645751311065,-6.));
#1056 = ( GEOMETRIC_REPRESENTATION_CONTEXT(2) 
PARAMETRIC_REPRESENTATION_CONTEXT() REPRESENTATION_CONTEXT('2D SPACE',''
  ) );
#1057 = PCURVE('',#1058,#1063);
#1058 = CYLINDRICAL_SURFACE('',#1059,4.);
#1059 = AXIS2_PLACEMENT_3D('',#1060,#1061,#1062);
#1060 = CARTESIAN_POINT('',(25.,60.,3.));
#1061 = DIRECTION('',(0.,-1.,0.));
#1062 = DIRECTION('',(1.,-0.,0.));
#1063 = DEFINITIONAL_REPRESENTATION('',(#1064),#1067);
#1064 = B_SPLINE_CURVE_WITH_KNOTS('',1,(#1065,#1066),.UNSPECIFIED.,.F.,
  .F.,(2,2),(-0.,60.),.PIECEWISE_BEZIER_KNOTS.);
#1065 = CARTESIAN_POINT('',(5.435123228198,0.));
#1066 = CARTESIAN_POINT('',(5.435123228198,60.));
#1067 = ( GEOMETRIC_REPRESENTATION_CONTEXT(2) 
PARAMETRIC_REPRESENTATION_CONTEXT() REPRESENTATION_CONTEXT('2D SPACE',''
  ) );
#1068 = ORIENTED_EDGE('',*,*,#1069,.T.);
#1069 = EDGE_CURVE('',#1044,#883,#1070,.T.);
#1070 = SURFACE_CURVE('',#1071,(#1075,#1082),.PCURVE_S1.);
#1071 = LINE('',#1072,#1073);
#1072 = CARTESIAN_POINT('',(0.,0.,0.));
#1073 = VECTOR('',#1074,1.);
#1074 = DIRECTION('',(1.,0.,0.));
#1075 = PCURVE('',#1027,#1076);
#1076 = DEFINITIONAL_REPRESENTATION('',(#1077),#1081);
#1077 = LINE('',#1078,#1079);
#1078 = CARTESIAN_POINT('',(0.,0.));
#1079 = VECTOR('',#1080,1.);
#1080 = DIRECTION('',(1.,0.));
#1081 = ( GEOMETRIC_REPRESENTATION_CONTEXT(2) 
PARAMETRIC_REPRESENTATION_CONTEXT() REPRESENTATION_CONTEXT('2D SPACE',''
  ) );
#1082 = PCURVE('',#44,#1083);
#1083 = DEFINITIONAL_REPRESENTATION('',(#1084),#1088);
#1084 = LINE('',#1085,#1086);
#1085 = CARTESIAN_POINT('',(0.,0.));
#1086 = VECTOR('',#1087,1.);
#1087 = DIRECTION('',(0.,1.));
#1088 = ( GEOMETRIC_REPRESENTATION_CONTEXT(2) 
PARAMETRIC_REPRESENTATION_CONTEXT() REPRESENTATION_CONTEXT('2D SPACE',''
  ) );
#1089 = ORIENTED_EDGE('',*,*,#1014,.F.);
#1090 = ORIENTED_EDGE('',*,*,#1091,.F.);
#1091 = EDGE_CURVE('',#1042,#983,#1092,.T.);
#1092 = SURFACE_CURVE('',#1093,(#1097,#1104),.PCURVE_S1.);
#1093 = LINE('',#1094,#1095);
#1094 = CARTESIAN_POINT('',(0.,60.,0.));
#1095 = VECTOR('',#1096,1.);
#1096 = DIRECTION('',(1.,0.,0.));
#1097 = PCURVE('',#1027,#1098);
#1098 = DEFINITIONAL_REPRESENTATION('',(#1099),#1103);
#1099 = LINE('',#1100,#1101);
#1100 = CARTESIAN_POINT('',(0.,60.));
#1101 = VECTOR('',#1102,1.);
#1102 = DIRECTION('',(1.,0.));
#1103 = ( GEOMETRIC_REPRESENTATION_CONTEXT(2) 
PARAMETRIC_REPRESENTATION_CONTEXT() REPRESENTATION_CONTEXT('2D SPACE',''
  ) );
#1104 = PCURVE('',#998,#1105);
#1105 = DEFINITIONAL_REPRESENTATION('',(#1106),#1110);
#1106 = LINE('',#1107,#1108);
#1107 = CARTESIAN_POINT('',(0.,0.));
#1108 = VECTOR('',#1109,1.);
#1109 = DIRECTION('',(0.,1.));
#1110 = ( GEOMETRIC_REPRESENTATION_CONTEXT(2) 
PARAMETRIC_REPRESENTATION_CONTEXT() REPRESENTATION_CONTEXT('2D SPACE',''
  ) );
#1111 = ADVANCED_FACE('',(#1112),#1058,.F.);
#1112 = FACE_BOUND('',#1113,.F.);
#1113 = EDGE_LOOP('',(#1114,#1138,#1139,#1163,#1184,#1211,#1232,#1362));
#1114 = ORIENTED_EDGE('',*,*,#1115,.T.);
#1115 = EDGE_CURVE('',#1116,#1044,#1118,.T.);
#1116 = VERTEX_POINT('',#1117);
#1117 = CARTESIAN_POINT('',(22.354248688935,0.,0.));
#1118 = SURFACE_CURVE('',#1119,(#1124,#1131),.PCURVE_S1.);
#1119 = CIRCLE('',#1120,4.);
#1120 = AXIS2_PLACEMENT_3D('',#1121,#1122,#1123);
#1121 = CARTESIAN_POINT('',(25.,0.,3.));
#1122 = DIRECTION('',(0.,1.,0.));
#1123 = DIRECTION('',(-0.661437827766,0.,-0.75));
#1124 = PCURVE('',#1058,#1125);
#1125 = DEFINITIONAL_REPRESENTATION('',(#1126),#1130);
#1126 = LINE('',#1127,#1128);
#1127 = CARTESIAN_POINT('',(10.272840039751,60.));
#1128 = VECTOR('',#1129,1.);
#1129 = DIRECTION('',(-1.,-0.));
#1130 = ( GEOMETRIC_REPRESENTATION_CONTEXT(2) 
PARAMETRIC_REPRESENTATION_CONTEXT() REPRESENTATION_CONTEXT('2D SPACE',''
  ) );
#1131 = PCURVE('',#44,#1132);
#1132 = DEFINITIONAL_REPRESENTATION('',(#1133),#1137);
#1133 = CIRCLE('',#1134,4.);
#1134 = AXIS2_PLACEMENT_2D('',#1135,#1136);
#1135 = CARTESIAN_POINT('',(3.,25.));
#1136 = DIRECTION('',(-0.75,-0.661437827766));
#1137 = ( GEOMETRIC_REPRESENTATION_CONTEXT(2) 
PARAMETRIC_REPRESENTATION_CONTEXT() REPRESENTATION_CONTEXT('2D SPACE',''
  ) );
#1138 = ORIENTED_EDGE('',*,*,#1041,.F.);
#1139 = ORIENTED_EDGE('',*,*,#1140,.F.);
#1140 = EDGE_CURVE('',#1141,#1042,#1143,.T.);
#1141 = VERTEX_POINT('',#1142);
#1142 = CARTESIAN_POINT('',(27.645751311064,60.,6.));
#1143 = SURFACE_CURVE('',#1144,(#1149,#1156),.PCURVE_S1.);
#1144 = CIRCLE('',#1145,4.);
#1145 = AXIS2_PLACEMENT_3D('',#1146,#1147,#1148);
#1146 = CARTESIAN_POINT('',(25.,60.,3.));
#1147 = DIRECTION('',(0.,1.,0.));
#1148 = DIRECTION('',(0.661437827766,-0.,0.75));
#1149 = PCURVE('',#1058,#1150);
#1150 = DEFINITIONAL_REPRESENTATION('',(#1151),#1155);
#1151 = LINE('',#1152,#1153);
#1152 = CARTESIAN_POINT('',(7.131247386161,0.));
#1153 = VECTOR('',#1154,1.);
#1154 = DIRECTION('',(-1.,-0.));
#1155 = ( GEOMETRIC_REPRESENTATION_CONTEXT(2) 
PARAMETRIC_REPRESENTATION_CONTEXT() REPRESENTATION_CONTEXT('2D SPACE',''
  ) );
#1156 = PCURVE('',#998,#1157);
#1157 = DEFINITIONAL_REPRESENTATION('',(#1158),#1162);
#1158 = CIRCLE('',#1159,4.);
#1159 = AXIS2_PLACEMENT_2D('',#1160,#1161);
#1160 = CARTESIAN_POINT('',(3.,25.));
#1161 = DIRECTION('',(0.75,0.661437827766));
#1162 = ( GEOMETRIC_REPRESENTATION_CONTEXT(2) 
PARAMETRIC_REPRESENTATION_CONTEXT() REPRESENTATION_CONTEXT('2D SPACE',''
  ) );
#1163 = ORIENTED_EDGE('',*,*,#1164,.T.);
#1164 = EDGE_CURVE('',#1141,#1165,#1167,.T.);
#1165 = VERTEX_POINT('',#1166);
#1166 = CARTESIAN_POINT('',(27.645751311065,6.,6.));
#1167 = SURFACE_CURVE('',#1168,(#1172,#1178),.PCURVE_S1.);
#1168 = LINE('',#1169,#1170);
#1169 = CARTESIAN_POINT('',(27.645751311065,60.,6.));
#1170 = VECTOR('',#1171,1.);
#1171 = DIRECTION('',(0.,-1.,0.));
#1172 = PCURVE('',#1058,#1173);
#1173 = DEFINITIONAL_REPRESENTATION('',(#1174),#1177);
#1174 = B_SPLINE_CURVE_WITH_KNOTS('',1,(#1175,#1176),.UNSPECIFIED.,.F.,
  .F.,(2,2),(0.,54.),.PIECEWISE_BEZIER_KNOTS.);
#1175 = CARTESIAN_POINT('',(7.131247386161,0.));
#1176 = CARTESIAN_POINT('',(7.131247386161,54.));
#1177 = ( GEOMETRIC_REPRESENTATION_CONTEXT(2) 
PARAMETRIC_REPRESENTATION_CONTEXT() REPRESENTATION_CONTEXT('2D SPACE',''
  ) );
#1178 = PCURVE('',#971,#1179);
#1179 = DEFINITIONAL_REPRESENTATION('',(#1180),#1183);
#1180 = B_SPLINE_CURVE_WITH_KNOTS('',1,(#1181,#1182),.UNSPECIFIED.,.F.,
  .F.,(2,2),(-5.999999999062E-07,59.4),.PIECEWISE_BEZIER_KNOTS.);
#1181 = CARTESIAN_POINT('',(27.645751311065,60.0000006));
#1182 = CARTESIAN_POINT('',(27.645751311065,0.6));
#1183 = ( GEOMETRIC_REPRESENTATION_CONTEXT(2) 
PARAMETRIC_REPRESENTATION_CONTEXT() REPRESENTATION_CONTEXT('2D SPACE',''
  ) );
#1184 = ORIENTED_EDGE('',*,*,#1185,.T.);
#1185 = EDGE_CURVE('',#1165,#1186,#1188,.T.);
#1186 = VERTEX_POINT('',#1187);
#1187 = CARTESIAN_POINT('',(22.354248688935,6.,6.));
#1188 = SURFACE_CURVE('',#1189,(#1194,#1200),.PCURVE_S1.);
#1189 = CIRCLE('',#1190,4.);
#1190 = AXIS2_PLACEMENT_3D('',#1191,#1192,#1193);
#1191 = CARTESIAN_POINT('',(25.,6.,3.));
#1192 = DIRECTION('',(0.,-1.,0.));
#1193 = DIRECTION('',(1.,0.,0.));
#1194 = PCURVE('',#1058,#1195);
#1195 = DEFINITIONAL_REPRESENTATION('',(#1196),#1199);
#1196 = B_SPLINE_CURVE_WITH_KNOTS('',1,(#1197,#1198),.UNSPECIFIED.,.F.,
  .F.,(2,2),(0.848062078981,2.293530574608),.PIECEWISE_BEZIER_KNOTS.);
#1197 = CARTESIAN_POINT('',(7.131247386161,54.));
#1198 = CARTESIAN_POINT('',(8.576715881788,54.));
#1199 = ( GEOMETRIC_REPRESENTATION_CONTEXT(2) 
PARAMETRIC_REPRESENTATION_CONTEXT() REPRESENTATION_CONTEXT('2D SPACE',''
  ) );
#1200 = PCURVE('',#156,#1201);
#1201 = DEFINITIONAL_REPRESENTATION('',(#1202),#1210);
#1202 = ( BOUNDED_CURVE() B_SPLINE_CURVE(2,(#1203,#1204,#1205,#1206,
#1207,#1208,#1209),.UNSPECIFIED.,.T.,.F.) B_SPLINE_CURVE_WITH_KNOTS((1,2
    ,2,2,2,1),(-2.094395102393,0.,2.094395102393,4.188790204786,
6.28318530718,8.377580409573),.UNSPECIFIED.) CURVE() 
GEOMETRIC_REPRESENTATION_ITEM() RATIONAL_B_SPLINE_CURVE((1.,0.5,1.,0.5,
1.,0.5,1.)) REPRESENTATION_ITEM('') );
#1203 = CARTESIAN_POINT('',(3.,29.));
#1204 = CARTESIAN_POINT('',(9.928203230276,29.));
#1205 = CARTESIAN_POINT('',(6.464101615138,23.));
#1206 = CARTESIAN_POINT('',(3.,17.));
#1207 = CARTESIAN_POINT('',(-0.464101615138,23.));
#1208 = CARTESIAN_POINT('',(-3.928203230276,29.));
#1209 = CARTESIAN_POINT('',(3.,29.));
#1210 = ( GEOMETRIC_REPRESENTATION_CONTEXT(2) 
PARAMETRIC_REPRESENTATION_CONTEXT() REPRESENTATION_CONTEXT('2D SPACE',''
  ) );
#1211 = ORIENTED_EDGE('',*,*,#1212,.F.);
#1212 = EDGE_CURVE('',#1213,#1186,#1215,.T.);
#1213 = VERTEX_POINT('',#1214);
#1214 = CARTESIAN_POINT('',(22.354248688935,26.766192165473,6.));
#1215 = SURFACE_CURVE('',#1216,(#1220,#1226),.PCURVE_S1.);
#1216 = LINE('',#1217,#1218);
#1217 = CARTESIAN_POINT('',(22.354248688935,60.,6.));
#1218 = VECTOR('',#1219,1.);
#1219 = DIRECTION('',(0.,-1.,0.));
#1220 = PCURVE('',#1058,#1221);
#1221 = DEFINITIONAL_REPRESENTATION('',(#1222),#1225);
#1222 = B_SPLINE_CURVE_WITH_KNOTS('',1,(#1223,#1224),.UNSPECIFIED.,.F.,
  .F.,(2,2),(33.233807834527,54.),.PIECEWISE_BEZIER_KNOTS.);
#1223 = CARTESIAN_POINT('',(8.576715881788,33.233807834527));
#1224 = CARTESIAN_POINT('',(8.576715881788,54.));
#1225 = ( GEOMETRIC_REPRESENTATION_CONTEXT(2) 
PARAMETRIC_REPRESENTATION_CONTEXT() REPRESENTATION_CONTEXT('2D SPACE',''
  ) );
#1226 = PCURVE('',#128,#1227);
#1227 = DEFINITIONAL_REPRESENTATION('',(#1228),#1231);
#1228 = B_SPLINE_CURVE_WITH_KNOTS('',1,(#1229,#1230),.UNSPECIFIED.,.F.,
  .F.,(2,2),(-5.999999999062E-07,59.4),.PIECEWISE_BEZIER_KNOTS.);
#1229 = CARTESIAN_POINT('',(22.354248688935,60.0000006));
#1230 = CARTESIAN_POINT('',(22.354248688935,0.6));
#1231 = ( GEOMETRIC_REPRESENTATION_CONTEXT(2) 
PARAMETRIC_REPRESENTATION_CONTEXT() REPRESENTATION_CONTEXT('2D SPACE',''
  ) );
#1232 = ORIENTED_EDGE('',*,*,#1233,.F.);
#1233 = EDGE_CURVE('',#1234,#1213,#1236,.T.);
#1234 = VERTEX_POINT('',#1235);
#1235 = CARTESIAN_POINT('',(22.354248688935,26.766192165473,0.));
#1236 = SURFACE_CURVE('',#1237,(#1275,#1316),.PCURVE_S1.);
#1237 = B_SPLINE_CURVE_WITH_KNOTS('',6,(#1238,#1239,#1240,#1241,#1242,
    #1243,#1244,#1245,#1246,#1247,#1248,#1249,#1250,#1251,#1252,#1253,
    #1254,#1255,#1256,#1257,#1258,#1259,#1260,#1261,#1262,#1263,#1264,
    #1265,#1266,#1267,#1268,#1269,#1270,#1271,#1272,#1273,#1274),
  .UNSPECIFIED.,.F.,.F.,(7,5,5,5,5,5,5,7),(0.,0.167588448807,
    0.254993067609,0.319415000213,0.500096518309,0.745151894545,
    0.832506824292,1.),.UNSPECIFIED.);
#1238 = CARTESIAN_POINT('',(22.354249369272,26.766192660766,
    -5.999999983519E-07));
#1239 = CARTESIAN_POINT('',(22.217083260805,26.666334137834,
    0.120968481803));
#1240 = CARTESIAN_POINT('',(22.082744163771,26.579215670958,
    0.252823539168));
#1241 = CARTESIAN_POINT('',(21.953482724965,26.504165997568,
    0.394973763139));
#1242 = CARTESIAN_POINT('',(21.831385144342,26.440191011328,
    0.546273629497));
#1243 = CARTESIAN_POINT('',(21.718242290566,26.386095964386,
    0.704924393488));
#1244 = CARTESIAN_POINT('',(21.561630010506,26.316963883312,
    0.953598465614));
#1245 = CARTESIAN_POINT('',(21.51059419273,26.295564702889,
    1.040347302534));
#1246 = CARTESIAN_POINT('',(21.462281056404,26.276254953551,
    1.128457086437));
#1247 = CARTESIAN_POINT('',(21.416750252307,26.258846110956,
    1.217774953974));
#1248 = CARTESIAN_POINT('',(21.374046060156,26.243168353126,
    1.308144626388));
#1249 = CARTESIAN_POINT('',(21.304828655249,26.218678438988,
    1.46667162614));
#1250 = CARTESIAN_POINT('',(21.277004341997,26.209142654216,
    1.534436459309));
#1251 = CARTESIAN_POINT('',(21.250731986802,26.20040021515,
    1.602651497442));
#1252 = CARTESIAN_POINT('',(21.226015198487,26.192394619558,
    1.671271292599));
#1253 = CARTESIAN_POINT('',(21.202854746735,26.185075113875,
    1.740254559228));
#1254 = CARTESIAN_POINT('',(21.120650593579,26.159666004159,
    2.003953971878));
#1255 = CARTESIAN_POINT('',(21.072296539806,26.145983070138,
    2.200859740747));
#1256 = CARTESIAN_POINT('',(21.036121308139,26.136343040536,
    2.399533374123));
#1257 = CARTESIAN_POINT('',(21.012038741743,26.130125072172,
    2.599332787222));
#1258 = CARTESIAN_POINT('',(21.,26.127016653793,2.799677065257));
#1259 = CARTESIAN_POINT('',(21.,26.127016653793,3.271694707124));
#1260 = CARTESIAN_POINT('',(21.02214488599,26.132734789473,
    3.543518188646));
#1261 = CARTESIAN_POINT('',(21.066477350453,26.144179903357,
    3.814012904918));
#1262 = CARTESIAN_POINT('',(21.133153932831,26.162411672827,
    4.081636459569));
#1263 = CARTESIAN_POINT('',(21.222414700371,26.189519433657,
    4.344577625084));
#1264 = CARTESIAN_POINT('',(21.374046060164,26.243168353129,
    4.69185537363));
#1265 = CARTESIAN_POINT('',(21.416750252306,26.258846110956,
    4.782225046022));
#1266 = CARTESIAN_POINT('',(21.462281056396,26.276254953548,
    4.871542913547));
#1267 = CARTESIAN_POINT('',(21.510594192726,26.295564702887,
    4.959652697462));
#1268 = CARTESIAN_POINT('',(21.561630010515,26.316963883316,
    5.046401534401));
#1269 = CARTESIAN_POINT('',(21.718242290566,26.386095964386,
    5.295075606512));
#1270 = CARTESIAN_POINT('',(21.831385144342,26.440191011328,
    5.453726370503));
#1271 = CARTESIAN_POINT('',(21.953482724965,26.504165997568,
    5.605026236861));
#1272 = CARTESIAN_POINT('',(22.082744163771,26.579215670958,
    5.747176460832));
#1273 = CARTESIAN_POINT('',(22.217083260805,26.666334137834,
    5.879031518197));
#1274 = CARTESIAN_POINT('',(22.354249369272,26.766192660766,6.0000006));
#1275 = PCURVE('',#1058,#1276);
#1276 = DEFINITIONAL_REPRESENTATION('',(#1277),#1315);
#1277 = B_SPLINE_CURVE_WITH_KNOTS('',6,(#1278,#1279,#1280,#1281,#1282,
    #1283,#1284,#1285,#1286,#1287,#1288,#1289,#1290,#1291,#1292,#1293,
    #1294,#1295,#1296,#1297,#1298,#1299,#1300,#1301,#1302,#1303,#1304,
    #1305,#1306,#1307,#1308,#1309,#1310,#1311,#1312,#1313,#1314),
  .UNSPECIFIED.,.F.,.F.,(7,5,5,5,5,5,5,7),(1.385382233926E-07,
    0.167588448807,0.254993067609,0.319415000213,0.500096518309,
    0.745151894545,0.832506824292,0.999999861541),.UNSPECIFIED.);
#1278 = CARTESIAN_POINT('',(10.272840039751,33.233807834527));
#1279 = CARTESIAN_POINT('',(10.227118045287,33.333666222251));
#1280 = CARTESIAN_POINT('',(10.180126035751,33.420784577203));
#1281 = CARTESIAN_POINT('',(10.132211548187,33.495834161088));
#1282 = CARTESIAN_POINT('',(10.083735700412,33.559809078108));
#1283 = CARTESIAN_POINT('',(10.035100556735,33.613904073174));
#1284 = CARTESIAN_POINT('',(9.96163027934,33.683036116688));
#1285 = CARTESIAN_POINT('',(9.936479798826,33.704435297111));
#1286 = CARTESIAN_POINT('',(9.911375400167,33.723745046449));
#1287 = CARTESIAN_POINT('',(9.886329014076,33.741153889044));
#1288 = CARTESIAN_POINT('',(9.861352178904,33.756831646874));
#1289 = CARTESIAN_POINT('',(9.818107339044,33.781321561012));
#1290 = CARTESIAN_POINT('',(9.799798098588,33.790857345784));
#1291 = CARTESIAN_POINT('',(9.781529841492,33.79959978485));
#1292 = CARTESIAN_POINT('',(9.763302473183,33.807605380442));
#1293 = CARTESIAN_POINT('',(9.745114915077,33.814924886125));
#1294 = CARTESIAN_POINT('',(9.676061085065,33.840333995841));
#1295 = CARTESIAN_POINT('',(9.625467555439,33.854016929862));
#1296 = CARTESIAN_POINT('',(9.575120745966,33.863656959464));
#1297 = CARTESIAN_POINT('',(9.524944753612,33.869874927828));
#1298 = CARTESIAN_POINT('',(9.474858694455,33.872983346207));
#1299 = CARTESIAN_POINT('',(9.356854283988,33.872983346207));
#1300 = CARTESIAN_POINT('',(9.28889853175,33.867265210527));
#1301 = CARTESIAN_POINT('',(9.220710258081,33.855820096643));
#1302 = CARTESIAN_POINT('',(9.152110656934,33.837588327173));
#1303 = CARTESIAN_POINT('',(9.082938208344,33.810480566343));
#1304 = CARTESIAN_POINT('',(8.98820374263,33.756831646871));
#1305 = CARTESIAN_POINT('',(8.963226907464,33.741153889044));
#1306 = CARTESIAN_POINT('',(8.938180521376,33.723745046452));
#1307 = CARTESIAN_POINT('',(8.913076122714,33.704435297113));
#1308 = CARTESIAN_POINT('',(8.887925642194,33.683036116684));
#1309 = CARTESIAN_POINT('',(8.814455364804,33.613904073174));
#1310 = CARTESIAN_POINT('',(8.765820221127,33.559809078108));
#1311 = CARTESIAN_POINT('',(8.717344373351,33.495834161088));
#1312 = CARTESIAN_POINT('',(8.669429885788,33.420784577203));
#1313 = CARTESIAN_POINT('',(8.622437876252,33.333666222251));
#1314 = CARTESIAN_POINT('',(8.576715881788,33.233807834527));
#1315 = ( GEOMETRIC_REPRESENTATION_CONTEXT(2) 
PARAMETRIC_REPRESENTATION_CONTEXT() REPRESENTATION_CONTEXT('2D SPACE',''
  ) );
#1316 = PCURVE('',#1317,#1322);
#1317 = CYLINDRICAL_SURFACE('',#1318,4.);
#1318 = AXIS2_PLACEMENT_3D('',#1319,#1320,#1321);
#1319 = CARTESIAN_POINT('',(20.,30.,60.));
#1320 = DIRECTION('',(0.,0.,-1.));
#1321 = DIRECTION('',(-1.,0.,0.));
#1322 = DEFINITIONAL_REPRESENTATION('',(#1323),#1361);
#1323 = B_SPLINE_CURVE_WITH_KNOTS('',6,(#1324,#1325,#1326,#1327,#1328,
    #1329,#1330,#1331,#1332,#1333,#1334,#1335,#1336,#1337,#1338,#1339,
    #1340,#1341,#1342,#1343,#1344,#1345,#1346,#1347,#1348,#1349,#1350,
    #1351,#1352,#1353,#1354,#1355,#1356,#1357,#1358,#1359,#1360),
  .UNSPECIFIED.,.F.,.F.,(7,5,5,5,5,5,5,7),(1.385382233926E-07,
    0.167588448807,0.254993067609,0.319415000213,0.500096518309,
    0.745151894545,0.832506824292,0.999999861541),.UNSPECIFIED.);
#1324 = CARTESIAN_POINT('',(4.083109788406,60.));
#1325 = CARTESIAN_POINT('',(4.125526032788,59.879030973203));
#1326 = CARTESIAN_POINT('',(4.165496315799,59.747175990794));
#1327 = CARTESIAN_POINT('',(4.202801945049,59.605025861641));
#1328 = CARTESIAN_POINT('',(4.237225543693,59.453726108203));
#1329 = CARTESIAN_POINT('',(4.268563535208,59.295075471407));
#1330 = CARTESIAN_POINT('',(4.311361475473,59.046401534386));
#1331 = CARTESIAN_POINT('',(4.325194216658,58.959652697466));
#1332 = CARTESIAN_POINT('',(4.338198969822,58.871542913563));
#1333 = CARTESIAN_POINT('',(4.350383633903,58.782225046026));
#1334 = CARTESIAN_POINT('',(4.36175561229,58.691855373612));
#1335 = CARTESIAN_POINT('',(4.380111137747,58.53332837386));
#1336 = CARTESIAN_POINT('',(4.387464053975,58.465563540691));
#1337 = CARTESIAN_POINT('',(4.394385832479,58.397348502558));
#1338 = CARTESIAN_POINT('',(4.400880777739,58.328728707401));
#1339 = CARTESIAN_POINT('',(4.40695307027,58.259745440772));
#1340 = CARTESIAN_POINT('',(4.428463453886,57.996046028122));
#1341 = CARTESIAN_POINT('',(4.441023026996,57.799140259253));
#1342 = CARTESIAN_POINT('',(4.450382296105,57.600466625877));
#1343 = CARTESIAN_POINT('',(4.456600320365,57.400667212778));
#1344 = CARTESIAN_POINT('',(4.459708725243,57.200322934743));
#1345 = CARTESIAN_POINT('',(4.459708725243,56.728305292876));
#1346 = CARTESIAN_POINT('',(4.453990760072,56.456481811354));
#1347 = CARTESIAN_POINT('',(4.442544956109,56.185987095082));
#1348 = CARTESIAN_POINT('',(4.425264070237,55.918363540431));
#1349 = CARTESIAN_POINT('',(4.401966210886,55.655422374916));
#1350 = CARTESIAN_POINT('',(4.361755612288,55.30814462637));
#1351 = CARTESIAN_POINT('',(4.350383633904,55.217774953978));
#1352 = CARTESIAN_POINT('',(4.338198969825,55.128457086453));
#1353 = CARTESIAN_POINT('',(4.325194216659,55.040347302538));
#1354 = CARTESIAN_POINT('',(4.31136147547,54.953598465599));
#1355 = CARTESIAN_POINT('',(4.268563535208,54.704924528593));
#1356 = CARTESIAN_POINT('',(4.237225543693,54.546273891796));
#1357 = CARTESIAN_POINT('',(4.202801945049,54.394974138359));
#1358 = CARTESIAN_POINT('',(4.165496315799,54.252824009206));
#1359 = CARTESIAN_POINT('',(4.125526032788,54.120969026797));
#1360 = CARTESIAN_POINT('',(4.083109788406,54.));
#1361 = ( GEOMETRIC_REPRESENTATION_CONTEXT(2) 
PARAMETRIC_REPRESENTATION_CONTEXT() REPRESENTATION_CONTEXT('2D SPACE',''
  ) );
#1362 = ORIENTED_EDGE('',*,*,#1363,.T.);
#1363 = EDGE_CURVE('',#1234,#1116,#1364,.T.);
#1364 = SURFACE_CURVE('',#1365,(#1369,#1375),.PCURVE_S1.);
#1365 = LINE('',#1366,#1367);
#1366 = CARTESIAN_POINT('',(22.354248688935,60.,0.));
#1367 = VECTOR('',#1368,1.);
#1368 = DIRECTION('',(0.,-1.,0.));
#1369 = PCURVE('',#1058,#1370);
#1370 = DEFINITIONAL_REPRESENTATION('',(#1371),#1374);
#1371 = B_SPLINE_CURVE_WITH_KNOTS('',1,(#1372,#1373),.UNSPECIFIED.,.F.,
  .F.,(2,2),(33.233807834527,60.),.PIECEWISE_BEZIER_KNOTS.);
#1372 = CARTESIAN_POINT('',(10.272840039751,33.233807834527));
#1373 = CARTESIAN_POINT('',(10.272840039751,60.));
#1374 = ( GEOMETRIC_REPRESENTATION_CONTEXT(2) 
PARAMETRIC_REPRESENTATION_CONTEXT() REPRESENTATION_CONTEXT('2D SPACE',''
  ) );
#1375 = PCURVE('',#72,#1376);
#1376 = DEFINITIONAL_REPRESENTATION('',(#1377),#1380);
#1377 = B_SPLINE_CURVE_WITH_KNOTS('',1,(#1378,#1379),.UNSPECIFIED.,.F.,
  .F.,(2,2),(-5.999999999062E-07,66.),.PIECEWISE_BEZIER_KNOTS.);
#1378 = CARTESIAN_POINT('',(22.354248688935,60.0000006));
#1379 = CARTESIAN_POINT('',(22.354248688935,-6.));
#1380 = ( GEOMETRIC_REPRESENTATION_CONTEXT(2) 
PARAMETRIC_REPRESENTATION_CONTEXT() REPRESENTATION_CONTEXT('2D SPACE',''
  ) );
#1381 = ADVANCED_FACE('',(#1382),#1317,.F.);
#1382 = FACE_BOUND('',#1383,.F.);
#1383 = EDGE_LOOP('',(#1384,#1408,#1409,#1437));
#1384 = ORIENTED_EDGE('',*,*,#1385,.T.);
#1385 = EDGE_CURVE('',#1386,#1234,#1388,.T.);
#1386 = VERTEX_POINT('',#1387);
#1387 = CARTESIAN_POINT('',(22.354248688935,33.233807834527,0.));
#1388 = SURFACE_CURVE('',#1389,(#1394,#1401),.PCURVE_S1.);
#1389 = CIRCLE('',#1390,4.);
#1390 = AXIS2_PLACEMENT_3D('',#1391,#1392,#1393);
#1391 = CARTESIAN_POINT('',(20.,30.,0.));
#1392 = DIRECTION('',(0.,-0.,1.));
#1393 = DIRECTION('',(0.588562172234,0.808451958632,0.));
#1394 = PCURVE('',#1317,#1395);
#1395 = DEFINITIONAL_REPRESENTATION('',(#1396),#1400);
#1396 = LINE('',#1397,#1398);
#1397 = CARTESIAN_POINT('',(8.483260825953,60.));
#1398 = VECTOR('',#1399,1.);
#1399 = DIRECTION('',(-1.,-0.));
#1400 = ( GEOMETRIC_REPRESENTATION_CONTEXT(2) 
PARAMETRIC_REPRESENTATION_CONTEXT() REPRESENTATION_CONTEXT('2D SPACE',''
  ) );
#1401 = PCURVE('',#72,#1402);
#1402 = DEFINITIONAL_REPRESENTATION('',(#1403),#1407);
#1403 = CIRCLE('',#1404,4.);
#1404 = AXIS2_PLACEMENT_2D('',#1405,#1406);
#1405 = CARTESIAN_POINT('',(20.,30.));
#1406 = DIRECTION('',(0.588562172234,0.808451958632));
#1407 = ( GEOMETRIC_REPRESENTATION_CONTEXT(2) 
PARAMETRIC_REPRESENTATION_CONTEXT() REPRESENTATION_CONTEXT('2D SPACE',''
  ) );
#1408 = ORIENTED_EDGE('',*,*,#1233,.T.);
#1409 = ORIENTED_EDGE('',*,*,#1410,.T.);
#1410 = EDGE_CURVE('',#1213,#1411,#1413,.T.);
#1411 = VERTEX_POINT('',#1412);
#1412 = CARTESIAN_POINT('',(22.354248688935,33.233807834527,6.));
#1413 = SURFACE_CURVE('',#1414,(#1419,#1426),.PCURVE_S1.);
#1414 = CIRCLE('',#1415,4.);
#1415 = AXIS2_PLACEMENT_3D('',#1416,#1417,#1418);
#1416 = CARTESIAN_POINT('',(20.,30.,6.));
#1417 = DIRECTION('',(0.,-0.,-1.));
#1418 = DIRECTION('',(0.588562172234,-0.808451958632,0.));
#1419 = PCURVE('',#1317,#1420);
#1420 = DEFINITIONAL_REPRESENTATION('',(#1421),#1425);
#1421 = LINE('',#1422,#1423);
#1422 = CARTESIAN_POINT('',(4.083109788406,54.));
#1423 = VECTOR('',#1424,1.);
#1424 = DIRECTION('',(1.,0.));
#1425 = ( GEOMETRIC_REPRESENTATION_CONTEXT(2) 
PARAMETRIC_REPRESENTATION_CONTEXT() REPRESENTATION_CONTEXT('2D SPACE',''
  ) );
#1426 = PCURVE('',#128,#1427);
#1427 = DEFINITIONAL_REPRESENTATION('',(#1428),#1436);
#1428 = ( BOUNDED_CURVE() B_SPLINE_CURVE(2,(#1429,#1430,#1431,#1432,
#1433,#1434,#1435),.UNSPECIFIED.,.T.,.F.) B_SPLINE_CURVE_WITH_KNOTS((1,2
    ,2,2,2,1),(-2.094395102393,0.,2.094395102393,4.188790204786,
6.28318530718,8.377580409573),.UNSPECIFIED.) CURVE() 
GEOMETRIC_REPRESENTATION_ITEM() RATIONAL_B_SPLINE_CURVE((1.,0.5,1.,0.5,
1.,0.5,1.)) REPRESENTATION_ITEM('') );
#1429 = CARTESIAN_POINT('',(22.354248688935,26.766192165473));
#1430 = CARTESIAN_POINT('',(16.753129217621,22.688513822585));
#1431 = CARTESIAN_POINT('',(16.022315919875,29.578064745819));
#1432 = CARTESIAN_POINT('',(15.291502622129,36.467615669053));
#1433 = CARTESIAN_POINT('',(21.62343539119,33.655743088708));
#1434 = CARTESIAN_POINT('',(27.95536816025,30.843870508362));
#1435 = CARTESIAN_POINT('',(22.354248688935,26.766192165473));
#1436 = ( GEOMETRIC_REPRESENTATION_CONTEXT(2) 
PARAMETRIC_REPRESENTATION_CONTEXT() REPRESENTATION_CONTEXT('2D SPACE',''
  ) );
#1437 = ORIENTED_EDGE('',*,*,#1438,.T.);
#1438 = EDGE_CURVE('',#1411,#1386,#1439,.T.);
#1439 = SURFACE_CURVE('',#1440,(#1478,#1519),.PCURVE_S1.);
#1440 = B_SPLINE_CURVE_WITH_KNOTS('',6,(#1441,#1442,#1443,#1444,#1445,
    #1446,#1447,#1448,#1449,#1450,#1451,#1452,#1453,#1454,#1455,#1456,
    #1457,#1458,#1459,#1460,#1461,#1462,#1463,#1464,#1465,#1466,#1467,
    #1468,#1469,#1470,#1471,#1472,#1473,#1474,#1475,#1476,#1477),
  .UNSPECIFIED.,.F.,.F.,(7,5,5,5,5,5,5,7),(0.,0.167420842734,
    0.252904189909,0.499907827805,0.68177247678,0.74695887472,
    0.832488506988,1.),.UNSPECIFIED.);
#1441 = CARTESIAN_POINT('',(22.354249369272,33.233807339234,6.0000006));
#1442 = CARTESIAN_POINT('',(22.217144730219,33.333621111717,5.8790857291
    ));
#1443 = CARTESIAN_POINT('',(22.082862253414,33.420707929908,
    5.747292594243));
#1444 = CARTESIAN_POINT('',(21.953650767902,33.495736601901,
    5.605211431249));
#1445 = CARTESIAN_POINT('',(21.831595185134,33.559698944438,
    5.453986825109));
#1446 = CARTESIAN_POINT('',(21.718485560386,33.613787650741,
    5.295416361541));
#1447 = CARTESIAN_POINT('',(21.563037328535,33.682419473564,
    5.048659270826));
#1448 = CARTESIAN_POINT('',(21.513028133505,33.703417391742,
    4.963805578603));
#1449 = CARTESIAN_POINT('',(21.465623755267,33.722409396305,
    4.877644395529));
#1450 = CARTESIAN_POINT('',(21.420881394673,33.739572618063,
    4.790319693838));
#1451 = CARTESIAN_POINT('',(21.378844007921,33.755067124568,
    4.701978802202));
#1452 = CARTESIAN_POINT('',(21.225972488492,33.809398674158,
    4.355011038394));
#1453 = CARTESIAN_POINT('',(21.135280146075,33.837006722564,
    4.090135394014));
#1454 = CARTESIAN_POINT('',(21.06753718322,33.855546501081,
    3.820455197366));
#1455 = CARTESIAN_POINT('',(21.022497582139,33.867174132869,
    3.547832575523));
#1456 = CARTESIAN_POINT('',(21.,33.872983346207,3.27384986101));
#1457 = CARTESIAN_POINT('',(21.,33.872983346207,2.798368925784));
#1458 = CARTESIAN_POINT('',(21.012196484204,33.869834198016,
    2.596715885241));
#1459 = CARTESIAN_POINT('',(21.036594717562,33.863534730046,
    2.395618502136));
#1460 = CARTESIAN_POINT('',(21.07324476113,33.853764194332,
    2.195669457315));
#1461 = CARTESIAN_POINT('',(21.122234894689,33.839885420191,
    1.997524510241));
#1462 = CARTESIAN_POINT('',(21.205637247135,33.814048974857,
    1.731847912758));
#1463 = CARTESIAN_POINT('',(21.229236333798,33.806571638906,
    1.662080419153));
#1464 = CARTESIAN_POINT('',(21.25442862,33.798387685303,1.592689381376)
  );
#1465 = CARTESIAN_POINT('',(21.281212645035,33.789444289222,
    1.52371932243));
#1466 = CARTESIAN_POINT('',(21.309584995753,33.779682235795,
    1.455216237564));
#1467 = CARTESIAN_POINT('',(21.378844007921,33.755067124568,
    1.298021197798));
#1468 = CARTESIAN_POINT('',(21.420881394673,33.739572618063,
    1.209680306162));
#1469 = CARTESIAN_POINT('',(21.465623755267,33.722409396304,
    1.122355604471));
#1470 = CARTESIAN_POINT('',(21.513028133505,33.703417391742,
    1.036194421397));
#1471 = CARTESIAN_POINT('',(21.563037328535,33.682419473564,
    0.951340729175));
#1472 = CARTESIAN_POINT('',(21.718485560385,33.613787650741,
    0.704583638459));
#1473 = CARTESIAN_POINT('',(21.831595185134,33.559698944438,
    0.546013174891));
#1474 = CARTESIAN_POINT('',(21.953650767902,33.495736601901,
    0.394788568751));
#1475 = CARTESIAN_POINT('',(22.082862253414,33.420707929908,
    0.252707405757));
#1476 = CARTESIAN_POINT('',(22.217144730219,33.333621111717,0.1209142709
    ));
#1477 = CARTESIAN_POINT('',(22.354249369272,33.233807339234,
    -5.999999994621E-07));
#1478 = PCURVE('',#1317,#1479);
#1479 = DEFINITIONAL_REPRESENTATION('',(#1480),#1518);
#1480 = B_SPLINE_CURVE_WITH_KNOTS('',6,(#1481,#1482,#1483,#1484,#1485,
    #1486,#1487,#1488,#1489,#1490,#1491,#1492,#1493,#1494,#1495,#1496,
    #1497,#1498,#1499,#1500,#1501,#1502,#1503,#1504,#1505,#1506,#1507,
    #1508,#1509,#1510,#1511,#1512,#1513,#1514,#1515,#1516,#1517),
  .UNSPECIFIED.,.F.,.F.,(7,5,5,5,5,5,5,7),(1.384617213375E-07,
    0.167420842734,0.252904189909,0.499907827805,0.68177247678,
    0.74695887472,0.832488506988,0.999999861463),.UNSPECIFIED.);
#1481 = CARTESIAN_POINT('',(8.483260825953,54.));
#1482 = CARTESIAN_POINT('',(8.440863589936,54.120914815883));
#1483 = CARTESIAN_POINT('',(8.400909407397,54.252707875777));
#1484 = CARTESIAN_POINT('',(8.363617149102,54.394788943952));
#1485 = CARTESIAN_POINT('',(8.32920428808,54.546013437175));
#1486 = CARTESIAN_POINT('',(8.29787446702,54.704583773555));
#1487 = CARTESIAN_POINT('',(8.25539325921,54.951340729174));
#1488 = CARTESIAN_POINT('',(8.241835662706,55.036194421397));
#1489 = CARTESIAN_POINT('',(8.229071396617,55.122355604471));
#1490 = CARTESIAN_POINT('',(8.217092875283,55.209680306162));
#1491 = CARTESIAN_POINT('',(8.205892947324,55.298021197798));
#1492 = CARTESIAN_POINT('',(8.165333100544,55.644988961606));
#1493 = CARTESIAN_POINT('',(8.141657632957,55.909864605986));
#1494 = CARTESIAN_POINT('',(8.124099273421,56.179544802634));
#1495 = CARTESIAN_POINT('',(8.112470927277,56.452167424477));
#1496 = CARTESIAN_POINT('',(8.106661889117,56.72615013899));
#1497 = CARTESIAN_POINT('',(8.106661889117,57.201631074216));
#1498 = CARTESIAN_POINT('',(8.109811023354,57.403284114759));
#1499 = CARTESIAN_POINT('',(8.116110549792,57.604381497864));
#1500 = CARTESIAN_POINT('',(8.125592915805,57.804330542685));
#1501 = CARTESIAN_POINT('',(8.138318685497,58.002475489759));
#1502 = CARTESIAN_POINT('',(8.160146812852,58.268152087242));
#1503 = CARTESIAN_POINT('',(8.166335553904,58.337919580847));
#1504 = CARTESIAN_POINT('',(8.17295731427,58.407310618624));
#1505 = CARTESIAN_POINT('',(8.180016307754,58.47628067757));
#1506 = CARTESIAN_POINT('',(8.187517157431,58.544783762436));
#1507 = CARTESIAN_POINT('',(8.205892947324,58.701978802202));
#1508 = CARTESIAN_POINT('',(8.217092875283,58.790319693838));
#1509 = CARTESIAN_POINT('',(8.229071396617,58.877644395529));
#1510 = CARTESIAN_POINT('',(8.241835662706,58.963805578603));
#1511 = CARTESIAN_POINT('',(8.25539325921,59.048659270825));
#1512 = CARTESIAN_POINT('',(8.29787446702,59.295416226445));
#1513 = CARTESIAN_POINT('',(8.32920428808,59.453986562825));
#1514 = CARTESIAN_POINT('',(8.363617149102,59.605211056048));
#1515 = CARTESIAN_POINT('',(8.400909407397,59.747292124223));
#1516 = CARTESIAN_POINT('',(8.440863589936,59.879085184117));
#1517 = CARTESIAN_POINT('',(8.483260825953,60.));
#1518 = ( GEOMETRIC_REPRESENTATION_CONTEXT(2) 
PARAMETRIC_REPRESENTATION_CONTEXT() REPRESENTATION_CONTEXT('2D SPACE',''
  ) );
#1519 = PCURVE('',#1520,#1525);
#1520 = CYLINDRICAL_SURFACE('',#1521,4.);
#1521 = AXIS2_PLACEMENT_3D('',#1522,#1523,#1524);
#1522 = CARTESIAN_POINT('',(25.,60.,3.));
#1523 = DIRECTION('',(0.,-1.,0.));
#1524 = DIRECTION('',(1.,-0.,0.));
#1525 = DEFINITIONAL_REPRESENTATION('',(#1526),#1564);
#1526 = B_SPLINE_CURVE_WITH_KNOTS('',6,(#1527,#1528,#1529,#1530,#1531,
    #1532,#1533,#1534,#1535,#1536,#1537,#1538,#1539,#1540,#1541,#1542,
    #1543,#1544,#1545,#1546,#1547,#1548,#1549,#1550,#1551,#1552,#1553,
    #1554,#1555,#1556,#1557,#1558,#1559,#1560,#1561,#1562,#1563),
  .UNSPECIFIED.,.F.,.F.,(7,5,5,5,5,5,5,7),(0.,0.167420842734,
    0.252904189909,0.499907827805,0.68177247678,0.74695887472,
    0.832488506988,1.),.UNSPECIFIED.);
#1527 = CARTESIAN_POINT('',(2.29353034783,26.766192660766));
#1528 = CARTESIAN_POINT('',(2.33923188504,26.666378888283));
#1529 = CARTESIAN_POINT('',(2.386203074703,26.579292070092));
#1530 = CARTESIAN_POINT('',(2.434096582766,26.504263398099));
#1531 = CARTESIAN_POINT('',(2.482551401408,26.440301055562));
#1532 = CARTESIAN_POINT('',(2.531165522762,26.386212349259));
#1533 = CARTESIAN_POINT('',(2.604075233451,26.317580526436));
#1534 = CARTESIAN_POINT('',(2.628687847318,26.296582608258));
#1535 = CARTESIAN_POINT('',(2.65325706755,26.277590603695));
#1536 = CARTESIAN_POINT('',(2.677771206857,26.260427381937));
#1537 = CARTESIAN_POINT('',(2.702218916922,26.244932875432));
#1538 = CARTESIAN_POINT('',(2.797006947079,26.190601325842));
#1539 = CARTESIAN_POINT('',(2.866746415699,26.162993277436));
#1540 = CARTESIAN_POINT('',(2.935900825629,26.144453498919));
#1541 = CARTESIAN_POINT('',(3.004634632911,26.132825867131));
#1542 = CARTESIAN_POINT('',(3.073130188337,26.127016653793));
#1543 = CARTESIAN_POINT('',(3.192000422144,26.127016653793));
#1544 = CARTESIAN_POINT('',(3.242413671626,26.130165801984));
#1545 = CARTESIAN_POINT('',(3.292918616608,26.136465269954));
#1546 = CARTESIAN_POINT('',(3.343597658345,26.146235805668));
#1547 = CARTESIAN_POINT('',(3.394528085037,26.160114579809));
#1548 = CARTESIAN_POINT('',(3.464143100858,26.185951025143));
#1549 = CARTESIAN_POINT('',(3.482551312393,26.193428361094));
#1550 = CARTESIAN_POINT('',(3.501000186061,26.201612314697));
#1551 = CARTESIAN_POINT('',(3.519490387865,26.210555710778));
#1552 = CARTESIAN_POINT('',(3.538022319586,26.220317764205));
#1553 = CARTESIAN_POINT('',(3.580966390257,26.244932875432));
#1554 = CARTESIAN_POINT('',(3.605414100322,26.260427381937));
#1555 = CARTESIAN_POINT('',(3.629928239629,26.277590603696));
#1556 = CARTESIAN_POINT('',(3.654497459861,26.296582608258));
#1557 = CARTESIAN_POINT('',(3.679110073729,26.317580526436));
#1558 = CARTESIAN_POINT('',(3.752019784418,26.386212349259));
#1559 = CARTESIAN_POINT('',(3.800633905772,26.440301055562));
#1560 = CARTESIAN_POINT('',(3.849088724413,26.504263398099));
#1561 = CARTESIAN_POINT('',(3.896982232477,26.579292070092));
#1562 = CARTESIAN_POINT('',(3.94395342214,26.666378888283));
#1563 = CARTESIAN_POINT('',(3.98965495935,26.766192660766));
#1564 = ( GEOMETRIC_REPRESENTATION_CONTEXT(2) 
PARAMETRIC_REPRESENTATION_CONTEXT() REPRESENTATION_CONTEXT('2D SPACE',''
  ) );
#1565 = ADVANCED_FACE('',(#1566),#1520,.F.);
#1566 = FACE_BOUND('',#1567,.F.);
#1567 = EDGE_LOOP('',(#1568,#1589,#1617,#1636));
#1568 = ORIENTED_EDGE('',*,*,#1569,.F.);
#1569 = EDGE_CURVE('',#1570,#1411,#1572,.T.);
#1570 = VERTEX_POINT('',#1571);
#1571 = CARTESIAN_POINT('',(22.354248688935,60.,6.));
#1572 = SURFACE_CURVE('',#1573,(#1577,#1583),.PCURVE_S1.);
#1573 = LINE('',#1574,#1575);
#1574 = CARTESIAN_POINT('',(22.354248688935,60.,6.));
#1575 = VECTOR('',#1576,1.);
#1576 = DIRECTION('',(0.,-1.,0.));
#1577 = PCURVE('',#1520,#1578);
#1578 = DEFINITIONAL_REPRESENTATION('',(#1579),#1582);
#1579 = B_SPLINE_CURVE_WITH_KNOTS('',1,(#1580,#1581),.UNSPECIFIED.,.F.,
  .F.,(2,2),(-5.999999999062E-07,59.4),.PIECEWISE_BEZIER_KNOTS.);
#1580 = CARTESIAN_POINT('',(2.293530574608,-5.999999999062E-07));
#1581 = CARTESIAN_POINT('',(2.293530574608,59.4));
#1582 = ( GEOMETRIC_REPRESENTATION_CONTEXT(2) 
PARAMETRIC_REPRESENTATION_CONTEXT() REPRESENTATION_CONTEXT('2D SPACE',''
  ) );
#1583 = PCURVE('',#128,#1584);
#1584 = DEFINITIONAL_REPRESENTATION('',(#1585),#1588);
#1585 = B_SPLINE_CURVE_WITH_KNOTS('',1,(#1586,#1587),.UNSPECIFIED.,.F.,
  .F.,(2,2),(-5.999999999062E-07,59.4),.PIECEWISE_BEZIER_KNOTS.);
#1586 = CARTESIAN_POINT('',(22.354248688935,60.0000006));
#1587 = CARTESIAN_POINT('',(22.354248688935,0.6));
#1588 = ( GEOMETRIC_REPRESENTATION_CONTEXT(2) 
PARAMETRIC_REPRESENTATION_CONTEXT() REPRESENTATION_CONTEXT('2D SPACE',''
  ) );
#1589 = ORIENTED_EDGE('',*,*,#1590,.T.);
#1590 = EDGE_CURVE('',#1570,#1591,#1593,.T.);
#1591 = VERTEX_POINT('',#1592);
#1592 = CARTESIAN_POINT('',(22.354248688935,60.,-2.509104035653E-14));
#1593 = SURFACE_CURVE('',#1594,(#1599,#1606),.PCURVE_S1.);
#1594 = CIRCLE('',#1595,4.);
#1595 = AXIS2_PLACEMENT_3D('',#1596,#1597,#1598);
#1596 = CARTESIAN_POINT('',(25.,60.,3.));
#1597 = DIRECTION('',(-0.,-1.,0.));
#1598 = DIRECTION('',(1.,-0.,0.));
#1599 = PCURVE('',#1520,#1600);
#1600 = DEFINITIONAL_REPRESENTATION('',(#1601),#1605);
#1601 = LINE('',#1602,#1603);
#1602 = CARTESIAN_POINT('',(0.,0.));
#1603 = VECTOR('',#1604,1.);
#1604 = DIRECTION('',(1.,0.));
#1605 = ( GEOMETRIC_REPRESENTATION_CONTEXT(2) 
PARAMETRIC_REPRESENTATION_CONTEXT() REPRESENTATION_CONTEXT('2D SPACE',''
  ) );
#1606 = PCURVE('',#100,#1607);
#1607 = DEFINITIONAL_REPRESENTATION('',(#1608),#1616);
#1608 = ( BOUNDED_CURVE() B_SPLINE_CURVE(2,(#1609,#1610,#1611,#1612,
#1613,#1614,#1615),.UNSPECIFIED.,.T.,.F.) B_SPLINE_CURVE_WITH_KNOTS((1,2
    ,2,2,2,1),(-2.094395102393,0.,2.094395102393,4.188790204786,
6.28318530718,8.377580409573),.UNSPECIFIED.) CURVE() 
GEOMETRIC_REPRESENTATION_ITEM() RATIONAL_B_SPLINE_CURVE((1.,0.5,1.,0.5,
1.,0.5,1.)) REPRESENTATION_ITEM('') );
#1609 = CARTESIAN_POINT('',(3.,29.));
#1610 = CARTESIAN_POINT('',(9.928203230276,29.));
#1611 = CARTESIAN_POINT('',(6.464101615138,23.));
#1612 = CARTESIAN_POINT('',(3.,17.));
#1613 = CARTESIAN_POINT('',(-0.464101615138,23.));
#1614 = CARTESIAN_POINT('',(-3.928203230276,29.));
#1615 = CARTESIAN_POINT('',(3.,29.));
#1616 = ( GEOMETRIC_REPRESENTATION_CONTEXT(2) 
PARAMETRIC_REPRESENTATION_CONTEXT() REPRESENTATION_CONTEXT('2D SPACE',''
  ) );
#1617 = ORIENTED_EDGE('',*,*,#1618,.T.);
#1618 = EDGE_CURVE('',#1591,#1386,#1619,.T.);
#1619 = SURFACE_CURVE('',#1620,(#1624,#1630),.PCURVE_S1.);
#1620 = LINE('',#1621,#1622);
#1621 = CARTESIAN_POINT('',(22.354248688935,60.,0.));
#1622 = VECTOR('',#1623,1.);
#1623 = DIRECTION('',(0.,-1.,0.));
#1624 = PCURVE('',#1520,#1625);
#1625 = DEFINITIONAL_REPRESENTATION('',(#1626),#1629);
#1626 = B_SPLINE_CURVE_WITH_KNOTS('',1,(#1627,#1628),.UNSPECIFIED.,.F.,
  .F.,(2,2),(-5.999999999062E-07,66.),.PIECEWISE_BEZIER_KNOTS.);
#1627 = CARTESIAN_POINT('',(3.989654732571,-5.999999999062E-07));
#1628 = CARTESIAN_POINT('',(3.989654732571,66.));
#1629 = ( GEOMETRIC_REPRESENTATION_CONTEXT(2) 
PARAMETRIC_REPRESENTATION_CONTEXT() REPRESENTATION_CONTEXT('2D SPACE',''
  ) );
#1630 = PCURVE('',#72,#1631);
#1631 = DEFINITIONAL_REPRESENTATION('',(#1632),#1635);
#1632 = B_SPLINE_CURVE_WITH_KNOTS('',1,(#1633,#1634),.UNSPECIFIED.,.F.,
  .F.,(2,2),(-5.999999999062E-07,66.),.PIECEWISE_BEZIER_KNOTS.);
#1633 = CARTESIAN_POINT('',(22.354248688935,60.0000006));
#1634 = CARTESIAN_POINT('',(22.354248688935,-6.));
#1635 = ( GEOMETRIC_REPRESENTATION_CONTEXT(2) 
PARAMETRIC_REPRESENTATION_CONTEXT() REPRESENTATION_CONTEXT('2D SPACE',''
  ) );
#1636 = ORIENTED_EDGE('',*,*,#1438,.F.);
#1637 = ADVANCED_FACE('',(#1638),#998,.T.);
#1638 = FACE_BOUND('',#1639,.T.);
#1639 = EDGE_LOOP('',(#1640,#1641,#1642,#1663));
#1640 = ORIENTED_EDGE('',*,*,#1091,.F.);
#1641 = ORIENTED_EDGE('',*,*,#1140,.F.);
#1642 = ORIENTED_EDGE('',*,*,#1643,.T.);
#1643 = EDGE_CURVE('',#1141,#957,#1644,.T.);
#1644 = SURFACE_CURVE('',#1645,(#1649,#1656),.PCURVE_S1.);
#1645 = LINE('',#1646,#1647);
#1646 = CARTESIAN_POINT('',(0.,60.,6.));
#1647 = VECTOR('',#1648,1.);
#1648 = DIRECTION('',(1.,0.,0.));
#1649 = PCURVE('',#998,#1650);
#1650 = DEFINITIONAL_REPRESENTATION('',(#1651),#1655);
#1651 = LINE('',#1652,#1653);
#1652 = CARTESIAN_POINT('',(6.,0.));
#1653 = VECTOR('',#1654,1.);
#1654 = DIRECTION('',(0.,1.));
#1655 = ( GEOMETRIC_REPRESENTATION_CONTEXT(2) 
PARAMETRIC_REPRESENTATION_CONTEXT() REPRESENTATION_CONTEXT('2D SPACE',''
  ) );
#1656 = PCURVE('',#971,#1657);
#1657 = DEFINITIONAL_REPRESENTATION('',(#1658),#1662);
#1658 = LINE('',#1659,#1660);
#1659 = CARTESIAN_POINT('',(0.,60.));
#1660 = VECTOR('',#1661,1.);
#1661 = DIRECTION('',(1.,0.));
#1662 = ( GEOMETRIC_REPRESENTATION_CONTEXT(2) 
PARAMETRIC_REPRESENTATION_CONTEXT() REPRESENTATION_CONTEXT('2D SPACE',''
  ) );
#1663 = ORIENTED_EDGE('',*,*,#982,.T.);
#1664 = ADVANCED_FACE('',(#1665),#971,.T.);
#1665 = FACE_BOUND('',#1666,.T.);
#1666 = EDGE_LOOP('',(#1667,#1668,#1687,#1688));
#1667 = ORIENTED_EDGE('',*,*,#1164,.T.);
#1668 = ORIENTED_EDGE('',*,*,#1669,.F.);
#1669 = EDGE_CURVE('',#930,#1165,#1670,.T.);
#1670 = SURFACE_CURVE('',#1671,(#1675,#1681),.PCURVE_S1.);
#1671 = LINE('',#1672,#1673);
#1672 = CARTESIAN_POINT('',(0.,6.,6.));
#1673 = VECTOR('',#1674,1.);
#1674 = DIRECTION('',(-1.,0.,0.));
#1675 = PCURVE('',#971,#1676);
#1676 = DEFINITIONAL_REPRESENTATION('',(#1677),#1680);
#1677 = B_SPLINE_CURVE_WITH_KNOTS('',1,(#1678,#1679),.UNSPECIFIED.,.F.,
  .F.,(2,2),(-100.,0.),.PIECEWISE_BEZIER_KNOTS.);
#1678 = CARTESIAN_POINT('',(100.,6.));
#1679 = CARTESIAN_POINT('',(0.,6.));
#1680 = ( GEOMETRIC_REPRESENTATION_CONTEXT(2) 
PARAMETRIC_REPRESENTATION_CONTEXT() REPRESENTATION_CONTEXT('2D SPACE',''
  ) );
#1681 = PCURVE('',#156,#1682);
#1682 = DEFINITIONAL_REPRESENTATION('',(#1683),#1686);
#1683 = B_SPLINE_CURVE_WITH_KNOTS('',1,(#1684,#1685),.UNSPECIFIED.,.F.,
  .F.,(2,2),(-100.,0.),.PIECEWISE_BEZIER_KNOTS.);
#1684 = CARTESIAN_POINT('',(6.,100.));
#1685 = CARTESIAN_POINT('',(6.,0.));
#1686 = ( GEOMETRIC_REPRESENTATION_CONTEXT(2) 
PARAMETRIC_REPRESENTATION_CONTEXT() REPRESENTATION_CONTEXT('2D SPACE',''
  ) );
#1687 = ORIENTED_EDGE('',*,*,#956,.F.);
#1688 = ORIENTED_EDGE('',*,*,#1643,.F.);
#1689 = ADVANCED_FACE('',(#1690),#340,.T.);
#1690 = FACE_BOUND('',#1691,.T.);
#1691 = EDGE_LOOP('',(#1692,#1713,#1714,#1715));
#1692 = ORIENTED_EDGE('',*,*,#1693,.F.);
#1693 = EDGE_CURVE('',#537,#297,#1694,.T.);
#1694 = SURFACE_CURVE('',#1695,(#1699,#1706),.PCURVE_S1.);
#1695 = LINE('',#1696,#1697);
#1696 = CARTESIAN_POINT('',(0.,60.,0.));
#1697 = VECTOR('',#1698,1.);
#1698 = DIRECTION('',(1.,0.,0.));
#1699 = PCURVE('',#340,#1700);
#1700 = DEFINITIONAL_REPRESENTATION('',(#1701),#1705);
#1701 = LINE('',#1702,#1703);
#1702 = CARTESIAN_POINT('',(0.,0.));
#1703 = VECTOR('',#1704,1.);
#1704 = DIRECTION('',(0.,1.));
#1705 = ( GEOMETRIC_REPRESENTATION_CONTEXT(2) 
PARAMETRIC_REPRESENTATION_CONTEXT() REPRESENTATION_CONTEXT('2D SPACE',''
  ) );
#1706 = PCURVE('',#312,#1707);
#1707 = DEFINITIONAL_REPRESENTATION('',(#1708),#1712);
#1708 = LINE('',#1709,#1710);
#1709 = CARTESIAN_POINT('',(0.,60.));
#1710 = VECTOR('',#1711,1.);
#1711 = DIRECTION('',(1.,0.));
#1712 = ( GEOMETRIC_REPRESENTATION_CONTEXT(2) 
PARAMETRIC_REPRESENTATION_CONTEXT() REPRESENTATION_CONTEXT('2D SPACE',''
  ) );
#1713 = ORIENTED_EDGE('',*,*,#536,.F.);
#1714 = ORIENTED_EDGE('',*,*,#453,.T.);
#1715 = ORIENTED_EDGE('',*,*,#324,.F.);
#1716 = ADVANCED_FACE('',(#1717),#312,.F.);
#1717 = FACE_BOUND('',#1718,.F.);
#1718 = EDGE_LOOP('',(#1719,#1720,#1741,#1742,#1743,#1744));
#1719 = ORIENTED_EDGE('',*,*,#908,.T.);
#1720 = ORIENTED_EDGE('',*,*,#1721,.T.);
#1721 = EDGE_CURVE('',#885,#274,#1722,.T.);
#1722 = SURFACE_CURVE('',#1723,(#1727,#1734),.PCURVE_S1.);
#1723 = LINE('',#1724,#1725);
#1724 = CARTESIAN_POINT('',(0.,0.,0.));
#1725 = VECTOR('',#1726,1.);
#1726 = DIRECTION('',(1.,0.,0.));
#1727 = PCURVE('',#312,#1728);
#1728 = DEFINITIONAL_REPRESENTATION('',(#1729),#1733);
#1729 = LINE('',#1730,#1731);
#1730 = CARTESIAN_POINT('',(0.,0.));
#1731 = VECTOR('',#1732,1.);
#1732 = DIRECTION('',(1.,0.));
#1733 = ( GEOMETRIC_REPRESENTATION_CONTEXT(2) 
PARAMETRIC_REPRESENTATION_CONTEXT() REPRESENTATION_CONTEXT('2D SPACE',''
  ) );
#1734 = PCURVE('',#44,#1735);
#1735 = DEFINITIONAL_REPRESENTATION('',(#1736),#1740);
#1736 = LINE('',#1737,#1738);
#1737 = CARTESIAN_POINT('',(0.,0.));
#1738 = VECTOR('',#1739,1.);
#1739 = DIRECTION('',(0.,1.));
#1740 = ( GEOMETRIC_REPRESENTATION_CONTEXT(2) 
PARAMETRIC_REPRESENTATION_CONTEXT() REPRESENTATION_CONTEXT('2D SPACE',''
  ) );
#1741 = ORIENTED_EDGE('',*,*,#296,.F.);
#1742 = ORIENTED_EDGE('',*,*,#1693,.F.);
#1743 = ORIENTED_EDGE('',*,*,#695,.T.);
#1744 = ORIENTED_EDGE('',*,*,#717,.T.);
#1745 = ADVANCED_FACE('',(#1746),#156,.T.);
#1746 = FACE_BOUND('',#1747,.T.);
#1747 = EDGE_LOOP('',(#1748,#1749,#1750,#1751,#1752,#1753,#1772,#1773));
#1748 = ORIENTED_EDGE('',*,*,#380,.F.);
#1749 = ORIENTED_EDGE('',*,*,#433,.T.);
#1750 = ORIENTED_EDGE('',*,*,#929,.T.);
#1751 = ORIENTED_EDGE('',*,*,#1669,.T.);
#1752 = ORIENTED_EDGE('',*,*,#1185,.T.);
#1753 = ORIENTED_EDGE('',*,*,#1754,.T.);
#1754 = EDGE_CURVE('',#1186,#113,#1755,.T.);
#1755 = SURFACE_CURVE('',#1756,(#1760,#1766),.PCURVE_S1.);
#1756 = LINE('',#1757,#1758);
#1757 = CARTESIAN_POINT('',(0.,6.,6.));
#1758 = VECTOR('',#1759,1.);
#1759 = DIRECTION('',(-1.,0.,0.));
#1760 = PCURVE('',#156,#1761);
#1761 = DEFINITIONAL_REPRESENTATION('',(#1762),#1765);
#1762 = B_SPLINE_CURVE_WITH_KNOTS('',1,(#1763,#1764),.UNSPECIFIED.,.F.,
  .F.,(2,2),(-100.,0.),.PIECEWISE_BEZIER_KNOTS.);
#1763 = CARTESIAN_POINT('',(6.,100.));
#1764 = CARTESIAN_POINT('',(6.,0.));
#1765 = ( GEOMETRIC_REPRESENTATION_CONTEXT(2) 
PARAMETRIC_REPRESENTATION_CONTEXT() REPRESENTATION_CONTEXT('2D SPACE',''
  ) );
#1766 = PCURVE('',#128,#1767);
#1767 = DEFINITIONAL_REPRESENTATION('',(#1768),#1771);
#1768 = B_SPLINE_CURVE_WITH_KNOTS('',1,(#1769,#1770),.UNSPECIFIED.,.F.,
  .F.,(2,2),(-100.,0.),.PIECEWISE_BEZIER_KNOTS.);
#1769 = CARTESIAN_POINT('',(100.,6.));
#1770 = CARTESIAN_POINT('',(0.,6.));
#1771 = ( GEOMETRIC_REPRESENTATION_CONTEXT(2) 
PARAMETRIC_REPRESENTATION_CONTEXT() REPRESENTATION_CONTEXT('2D SPACE',''
  ) );
#1772 = ORIENTED_EDGE('',*,*,#140,.T.);
#1773 = ORIENTED_EDGE('',*,*,#249,.T.);
#1774 = ADVANCED_FACE('',(#1775),#128,.T.);
#1775 = FACE_BOUND('',#1776,.T.);
#1776 = EDGE_LOOP('',(#1777,#1778,#1779,#1780,#1781,#1782));
#1777 = ORIENTED_EDGE('',*,*,#112,.F.);
#1778 = ORIENTED_EDGE('',*,*,#1754,.F.);
#1779 = ORIENTED_EDGE('',*,*,#1212,.F.);
#1780 = ORIENTED_EDGE('',*,*,#1410,.T.);
#1781 = ORIENTED_EDGE('',*,*,#1569,.F.);
#1782 = ORIENTED_EDGE('',*,*,#1783,.F.);
#1783 = EDGE_CURVE('',#85,#1570,#1784,.T.);
#1784 = SURFACE_CURVE('',#1785,(#1789,#1796),.PCURVE_S1.);
#1785 = LINE('',#1786,#1787);
#1786 = CARTESIAN_POINT('',(0.,60.,6.));
#1787 = VECTOR('',#1788,1.);
#1788 = DIRECTION('',(1.,0.,0.));
#1789 = PCURVE('',#128,#1790);
#1790 = DEFINITIONAL_REPRESENTATION('',(#1791),#1795);
#1791 = LINE('',#1792,#1793);
#1792 = CARTESIAN_POINT('',(0.,60.));
#1793 = VECTOR('',#1794,1.);
#1794 = DIRECTION('',(1.,0.));
#1795 = ( GEOMETRIC_REPRESENTATION_CONTEXT(2) 
PARAMETRIC_REPRESENTATION_CONTEXT() REPRESENTATION_CONTEXT('2D SPACE',''
  ) );
#1796 = PCURVE('',#100,#1797);
#1797 = DEFINITIONAL_REPRESENTATION('',(#1798),#1802);
#1798 = LINE('',#1799,#1800);
#1799 = CARTESIAN_POINT('',(6.,0.));
#1800 = VECTOR('',#1801,1.);
#1801 = DIRECTION('',(0.,1.));
#1802 = ( GEOMETRIC_REPRESENTATION_CONTEXT(2) 
PARAMETRIC_REPRESENTATION_CONTEXT() REPRESENTATION_CONTEXT('2D SPACE',''
  ) );
#1803 = ADVANCED_FACE('',(#1804),#100,.T.);
#1804 = FACE_BOUND('',#1805,.T.);
#1805 = EDGE_LOOP('',(#1806,#1827,#1828,#1829));
#1806 = ORIENTED_EDGE('',*,*,#1807,.F.);
#1807 = EDGE_CURVE('',#57,#1591,#1808,.T.);
#1808 = SURFACE_CURVE('',#1809,(#1813,#1820),.PCURVE_S1.);
#1809 = LINE('',#1810,#1811);
#1810 = CARTESIAN_POINT('',(0.,60.,0.));
#1811 = VECTOR('',#1812,1.);
#1812 = DIRECTION('',(1.,0.,0.));
#1813 = PCURVE('',#100,#1814);
#1814 = DEFINITIONAL_REPRESENTATION('',(#1815),#1819);
#1815 = LINE('',#1816,#1817);
#1816 = CARTESIAN_POINT('',(0.,0.));
#1817 = VECTOR('',#1818,1.);
#1818 = DIRECTION('',(0.,1.));
#1819 = ( GEOMETRIC_REPRESENTATION_CONTEXT(2) 
PARAMETRIC_REPRESENTATION_CONTEXT() REPRESENTATION_CONTEXT('2D SPACE',''
  ) );
#1820 = PCURVE('',#72,#1821);
#1821 = DEFINITIONAL_REPRESENTATION('',(#1822),#1826);
#1822 = LINE('',#1823,#1824);
#1823 = CARTESIAN_POINT('',(0.,60.));
#1824 = VECTOR('',#1825,1.);
#1825 = DIRECTION('',(1.,0.));
#1826 = ( GEOMETRIC_REPRESENTATION_CONTEXT(2) 
PARAMETRIC_REPRESENTATION_CONTEXT() REPRESENTATION_CONTEXT('2D SPACE',''
  ) );
#1827 = ORIENTED_EDGE('',*,*,#84,.T.);
#1828 = ORIENTED_EDGE('',*,*,#1783,.T.);
#1829 = ORIENTED_EDGE('',*,*,#1590,.T.);
#1830 = ADVANCED_FACE('',(#1831),#72,.F.);
#1831 = FACE_BOUND('',#1832,.F.);
#1832 = EDGE_LOOP('',(#1833,#1834,#1855,#1856,#1857,#1858));
#1833 = ORIENTED_EDGE('',*,*,#56,.T.);
#1834 = ORIENTED_EDGE('',*,*,#1835,.T.);
#1835 = EDGE_CURVE('',#22,#1116,#1836,.T.);
#1836 = SURFACE_CURVE('',#1837,(#1841,#1848),.PCURVE_S1.);
#1837 = LINE('',#1838,#1839);
#1838 = CARTESIAN_POINT('',(0.,0.,0.));
#1839 = VECTOR('',#1840,1.);
#1840 = DIRECTION('',(1.,0.,0.));
#1841 = PCURVE('',#72,#1842);
#1842 = DEFINITIONAL_REPRESENTATION('',(#1843),#1847);
#1843 = LINE('',#1844,#1845);
#1844 = CARTESIAN_POINT('',(0.,0.));
#1845 = VECTOR('',#1846,1.);
#1846 = DIRECTION('',(1.,0.));
#1847 = ( GEOMETRIC_REPRESENTATION_CONTEXT(2) 
PARAMETRIC_REPRESENTATION_CONTEXT() REPRESENTATION_CONTEXT('2D SPACE',''
  ) );
#1848 = PCURVE('',#44,#1849);
#1849 = DEFINITIONAL_REPRESENTATION('',(#1850),#1854);
#1850 = LINE('',#1851,#1852);
#1851 = CARTESIAN_POINT('',(0.,0.));
#1852 = VECTOR('',#1853,1.);
#1853 = DIRECTION('',(0.,1.));
#1854 = ( GEOMETRIC_REPRESENTATION_CONTEXT(2) 
PARAMETRIC_REPRESENTATION_CONTEXT() REPRESENTATION_CONTEXT('2D SPACE',''
  ) );
#1855 = ORIENTED_EDGE('',*,*,#1363,.F.);
#1856 = ORIENTED_EDGE('',*,*,#1385,.F.);
#1857 = ORIENTED_EDGE('',*,*,#1618,.F.);
#1858 = ORIENTED_EDGE('',*,*,#1807,.F.);
#1859 = ADVANCED_FACE('',(#1860),#44,.F.);
#1860 = FACE_BOUND('',#1861,.F.);
#1861 = EDGE_LOOP('',(#1862,#1863,#1864,#1865,#1866,#1867,#1868,#1869));
#1862 = ORIENTED_EDGE('',*,*,#1835,.F.);
#1863 = ORIENTED_EDGE('',*,*,#21,.T.);
#1864 = ORIENTED_EDGE('',*,*,#198,.T.);
#1865 = ORIENTED_EDGE('',*,*,#273,.F.);
#1866 = ORIENTED_EDGE('',*,*,#1721,.F.);
#1867 = ORIENTED_EDGE('',*,*,#882,.F.);
#1868 = ORIENTED_EDGE('',*,*,#1069,.F.);
#1869 = ORIENTED_EDGE('',*,*,#1115,.F.);
#1870 = ( GEOMETRIC_REPRESENTATION_CONTEXT(3) 
GLOBAL_UNCERTAINTY_ASSIGNED_CONTEXT((#1874)) 
GLOBAL_UNIT_ASSIGNED_CONTEXT((#1871,#1872,#1873)) REPRESENTATION_CONTEXT
('Context #1','3D Context with UNIT and UNCERTAINTY') );
#1871 = ( LENGTH_UNIT() NAMED_UNIT(*) SI_UNIT(.MILLI.,.METRE.) );
#1872 = ( NAMED_UNIT(*) PLANE_ANGLE_UNIT() SI_UNIT($,.RADIAN.) );
#1873 = ( NAMED_UNIT(*) SI_UNIT($,.STERADIAN.) SOLID_ANGLE_UNIT() );
#1874 = UNCERTAINTY_MEASURE_WITH_UNIT(LENGTH_MEASURE(1.E-07),#1871,
  'distance_accuracy_value','confusion accuracy');
#1875 = PRODUCT_RELATED_PRODUCT_CATEGORY('part',$,(#7));
ENDSEC;
END-ISO-10303-21;
